INSERT INTO `members` (`id`, `first_name`, `last_name`, `address`, `phone_number`, `email`, `birth_date`, `join_date`, `convert_date`, `married`, `active`, `candidate_member`, `member_type_change_date`, `image`, `id_number`, `created_at`, `updated_at`, `district_id`, `baptized`, `baptize_date`, `member_type_id`, `gender_id`) VALUES
(1, 'Milton', 'VeldKamp', 'veldkamp straat #1', '9438734', 'milton@gmail.com', '1980-01-01', '1985-01-01', '1986-01-01', 0, 1, 1, NULL, NULL, NULL, NULL, NULL, 1, 1, '2020-02-01', 3, 1),
(2, 'Lunette', 'Meye', 'veldkamp straat #1', '9438734', 'lunette@gmail.com', '1980-01-01', '1985-01-01', '1986-01-01', 0, 1, 1, NULL, NULL, NULL, NULL, NULL, 1, 0, NULL, 3, 2),
(3, 'Vinoch', 'Rudge', 'Aboengnawroko straat #19A', '08748503', 'vinoch@gmail.com', '1992-01-15', '2000-01-01', '2005-01-01', 0, 1, 1, NULL, NULL, NULL, NULL, NULL, 1, 0, NULL, 1, 1),
(5, 'Kisjon', 'Agodeba', 'Aboengnawroko straat #19A', '08748503', 'k@gmail.com', '1980-01-15', '2000-01-01', '2005-01-01', 0, 1, 1, NULL, NULL, NULL, NULL, NULL, 3, 0, NULL, 4, 1),
(6, 'Ruth', 'Kramp', 'Maansteen straat #15A', '08748503', 'R@gmail.com', '1964-05-31', '2000-01-01', '2005-01-01', 0, 1, 1, NULL, NULL, NULL, NULL, NULL, 1, 0, NULL, 2, 2),
(7, 'Juul', 'Rodriguez', 'Oliepalm straat', '08748503', 'S@gmail.com', '1955-05-31', '2000-01-01', '2005-01-01', 0, 1, 1, NULL, NULL, NULL, NULL, '2021-03-29 20:21:22', 1, 0, NULL, 3, 1),
(8, 'Gerda', 'Schmeltz', 'wanica straat #15A', '08748503', 'Gerda@gmail.com', '1955-05-31', '2000-01-01', '2005-01-01', 0, 1, 1, NULL, NULL, NULL, NULL, '2021-03-29 20:20:11', 1, 0, NULL, 4, 2),
(9, 'Jhingoeri', 'Gretchen', 'Agraweg 20', '8965499', NULL, '2003-10-24', NULL, NULL, 0, 1, 1, NULL, 'IMG-20180329-WA00071523177059.jpg', NULL, '2021-03-09 22:26:24', '2021-03-09 22:26:24', 1, NULL, NULL, 1, 2),
(10, 'Davitha', 'Rodrigues', 'Oliepalmstraat 72', '8995599', 'rodrigues.dd2001@gmail.com', '2001-11-25', NULL, '2021-08-14', 0, 1, 1, NULL, 'IMG-20180225-WA00081519570138.jpg', NULL, '2021-03-09 22:26:24', '2021-08-15 01:22:42', 1, 1, '2014-08-14', 1, 2),
(11, 'Lorenzo', 'Sewbarath-misser', 'Verlengde Keizerstraat', '7608895', 'lemmy15@outlook.com', '1996-01-15', NULL, NULL, 0, 1, 1, NULL, 'IMG-20180225-WA00011519517508.jpg', NULL, '2021-03-09 22:26:24', '2021-03-09 22:26:24', 1, NULL, NULL, 1, 1),
(12, 'Shaquille', 'Wimpel', 'Kwerimanstraat 23', '7283988', 'shaquillewimpel@gmail.com  ', '1993-07-31', NULL, NULL, 0, 1, 1, NULL, 'FB_IMG_15208221392571520822149.jpg', NULL, '2021-03-09 22:26:24', '2021-03-09 22:26:24', 1, NULL, NULL, 1, 1),
(13, 'Daniella', 'Adamson', 'Nw. Charlesburgweg 123', '8827503', 'daniella.adamson@hotmail.com', '1991-12-17', NULL, NULL, 0, 1, 1, NULL, 'FB_IMG_15208222692871520822294.jpg', NULL, '2021-03-09 22:26:24', '2021-03-09 22:26:24', 1, NULL, NULL, 1, 2),
(14, 'Gregory', 'Bout', 'Nieuwzorgweg 2', '8138105', 'gregorybout@gmail.com', '1985-06-29', NULL, '2021-03-29', 0, 1, 1, NULL, 'gregory bout - Copy1520122361.jpg', NULL, '2021-03-09 22:26:24', '2021-03-30 00:25:42', 1, 0, NULL, 6, 1),
(15, 'Damaris', 'Boyce', 'Groenhartweg 19', '8941104', 'damarisboyce@gmail.com ', '1990-05-14', NULL, NULL, 0, 1, 1, NULL, 'IMG-20180228-WA00151519844121.jpg', NULL, '2021-03-09 22:26:24', '2021-03-09 22:26:24', 1, NULL, NULL, 1, 2),
(16, 'Miquel', 'Bree', 'Christoffel Kerstenstraat 80', '8849189', 'miquel.bree@gmail.com', '1994-03-16', NULL, NULL, 0, 1, 1, NULL, 'IMG-20180206-WA00011519146091.jpg', NULL, '2021-03-09 22:26:24', '2021-03-09 22:26:24', 1, NULL, NULL, 1, 1),
(17, 'Verginia', 'Eduard', 'Kaveduartsteeg 3', '7438393', 'verginia.eduard@gmail.com', '1993-05-10', NULL, NULL, 0, 1, 1, NULL, '20180305_2340251520304500.jpg', NULL, '2021-03-09 22:26:24', '2021-03-09 22:26:24', 1, NULL, NULL, 1, 2),
(18, 'Rolinzo', 'Huur', 'Ronald Phoensingweg 10', '7113755', 'rolinzohuur@outlook.com', '1997-04-13', NULL, NULL, 0, 1, 1, NULL, 'Rolinzo Huur1521156062.jpg', NULL, '2021-03-09 22:26:24', '2021-03-09 22:26:24', 1, NULL, NULL, 1, 1),
(19, 'Eduard', 'Karijowidjojo', 'Duikelaarstraat 51', '8859153', NULL, '1989-09-08', NULL, NULL, 0, 1, 1, NULL, 'Eduard 1521156457.jpg', NULL, '2021-03-09 22:26:24', '2021-03-09 22:26:24', 1, NULL, NULL, 1, 1),
(20, 'Kaneesha', 'Kastierie', 'Waterpolostraat 4', '8141252', ' Lucretsia166@gmail.com', '1992-06-16', NULL, NULL, 0, 1, 1, NULL, 'IMG-20180301-WA00151519953012.jpg', NULL, '2021-03-09 22:26:24', '2021-03-09 22:26:24', 1, NULL, NULL, 1, 2),
(21, 'Timothy', 'Limont', 'Fajadjanstraat 69', '7429106', NULL, '1998-08-13', NULL, NULL, 0, 1, 1, NULL, '20180301_2204551519952718.jpg', NULL, '2021-03-09 22:26:24', '2021-03-09 22:26:24', 1, NULL, NULL, 1, 1),
(22, 'Nikita', 'Marshall', 'Blauwdasstraat #10', '8856910', 'dogla_girl@live.com', '1995-06-02', NULL, NULL, 0, 1, 1, NULL, 'IMG-20180220-WA00091519152152.jpg', NULL, '2021-03-09 22:26:24', '2021-03-09 22:26:24', 1, NULL, NULL, 1, 2),
(23, 'Verona', 'Noten', 'Rene de rooystr #29', '8926794', NULL, '1999-03-05', NULL, NULL, 0, 1, 1, NULL, 'CN1519215697.jpg', NULL, '2021-03-09 22:26:24', '2021-03-09 22:26:24', 1, NULL, NULL, 1, 2),
(24, 'Demi', 'Opmeer', 'Bonairestraat 3', '7660804', 'demiopmeer19@outlook.com', '1998-12-21', NULL, NULL, 0, 1, 1, NULL, '3798e9e1-4366-4f3d-9d7e-990511662a3f1547510595.jpg', NULL, '2021-03-09 22:26:24', '2021-03-09 22:26:24', 1, NULL, NULL, 1, 2),
(25, 'Abygail', 'Pane', 'Guaranistraat 110', '8931118', NULL, '1988-10-18', NULL, NULL, 0, 1, 1, NULL, 'pane1522694991.jpg', NULL, '2021-03-09 22:26:24', '2021-03-09 22:26:24', 1, NULL, NULL, 1, 2),
(26, 'Dion', 'Parmo', 'Kalkbranderstraat 6', '7197574', 'eldio92777@gmail.com', '1992-05-01', NULL, NULL, 0, 1, 1, NULL, '20180321_1621451521660146.jpg', NULL, '2021-03-09 22:26:24', '2021-03-09 22:26:24', 1, NULL, NULL, 1, 1),
(27, 'Ruel', 'Rampertap', 'Langatabikistraat 104', '7485960', 'eurvinho@gmail.com', '1996-02-20', NULL, NULL, 0, 1, 1, NULL, 'IMG-20180228-WA00241519861501.jpg', NULL, '2021-03-09 22:26:24', '2021-03-09 22:26:24', 1, NULL, NULL, 1, 1),
(28, 'Shereen', 'Riedewald', 'Nieuw charlesburg sopropostraat 22', '8708260', 'cherrriedewald@gmail.com', '1993-05-11', NULL, NULL, 0, 1, 1, NULL, '1982259_1379390245668596_1213920788_n1547511785.jpg', NULL, '2021-03-09 22:26:24', '2021-03-09 22:26:24', 1, NULL, NULL, 1, 2),
(29, 'Nikita', 'Skeete', 'Nw domineestraat', '8133803', 'Nekitaskeete11@gmail.com', '1997-10-11', NULL, NULL, 0, 1, 1, NULL, 'WhatsApp Image 2018-02-13 at 18.22.441519146983.jpeg', NULL, '2021-03-09 22:26:24', '2021-03-09 22:26:24', 1, NULL, NULL, 1, 2),
(30, 'Wensly', 'Wolff', 'Kennongolaan 6', '8216238', NULL, '1990-03-23', NULL, NULL, 0, 1, 1, NULL, 'wolff wesly1521158773.jpg', NULL, '2021-03-09 22:26:24', '2021-03-09 22:26:24', 1, NULL, NULL, 1, 1),
(31, 'Ashanti', 'Aloewel', 'Vioolstraat #118', '8518948', 'jorisaaloewel@gmail.com', '2003-10-19', NULL, NULL, 0, 1, 1, NULL, 'IMG-20180301-WA00191519952488.jpg', NULL, '2021-03-09 22:26:24', '2021-03-09 22:26:24', 1, NULL, NULL, 1, 2),
(32, 'Neus', 'Ashante', 'Vlierstraat 10', '8977553', 'ashante1112@gmail.com', '1998-11-12', NULL, NULL, 0, 1, 1, NULL, 'neus ashante1521158577.jpg', NULL, '2021-03-09 22:26:24', '2021-03-09 22:26:24', 1, NULL, NULL, 1, 2),
(33, 'Alberto', 'Atomang', 'Orgelstraat 1', '8670313', 'atomangalberto08@gmail.com', '1988-01-11', NULL, '2021-03-29', 0, 1, 1, NULL, 'aaaa1519406063.jpg', NULL, '2021-03-09 22:26:24', '2021-03-30 00:23:26', 1, 0, NULL, 6, 1),
(34, 'Consuella', 'Biervliet', 'Bethelweg 9', '8544360', 'c.biervliet16@gmail.com', '1994-10-16', NULL, '2017-01-02', 0, 1, 1, NULL, 'WhatsApp Image 2018-02-13 at 18.23.041519147012.jpeg', NULL, '2021-03-09 22:26:24', '2021-08-15 01:20:55', 1, 1, '2021-08-14', 6, 2),
(35, 'Isaiah', 'Blankendal', 'Waldi Zuiverloonstraat # 20', '8794403', 'isaiahblankendal@hotmail.com', '1999-08-06', NULL, NULL, 0, 1, 1, NULL, '1517684109837-18594909361517694942.jpg', NULL, '2021-03-09 22:26:24', '2021-03-09 22:26:24', 1, NULL, NULL, 1, 1),
(36, 'Jahleel', 'Bruinendaal', 'Engelbrechtweg 97', '8903776', NULL, '2002-02-02', NULL, NULL, 0, 1, 1, NULL, 'IMG-20180319-WA00091521491766.jpg', NULL, '2021-03-09 22:26:24', '2021-03-09 22:26:24', 1, NULL, NULL, 1, 1),
(37, 'Shawn', 'Budhulall', 'Nachtegaalstraat138', '8655625', NULL, '2003-01-23', NULL, NULL, 0, 1, 1, NULL, 'shaw1521167077.jpg', NULL, '2021-03-09 22:26:24', '2021-03-09 22:26:24', 1, NULL, NULL, 1, 1),
(38, 'Stefany', 'Cruden', 'Henk Arronstraatstraat 109', '8657035', 'stefanie.cruden@gamail.com', '1990-02-06', NULL, NULL, 0, 1, 1, NULL, 'cruden stephany1521158988.jpg', NULL, '2021-03-09 22:26:24', '2021-03-09 22:26:24', 1, NULL, NULL, 1, 2),
(39, 'Singaja', 'Djales', 'Barbadosstraat # 35', '8726078', NULL, '1988-10-07', NULL, NULL, 0, 1, 1, NULL, 'IMG-20180301-WA00171519952389.jpg', NULL, '2021-03-09 22:26:24', '2021-03-09 22:26:24', 1, NULL, NULL, 1, 2),
(40, 'Cynthia', 'Djoe', 'Orgelstraat 1', '8165022', 'djoecynthia18@gmail.com', '2000-07-31', NULL, NULL, 0, 1, 1, NULL, 'IMG-20180329-WA00121522365150.jpg', NULL, '2021-03-09 22:26:24', '2021-03-09 22:26:24', 1, NULL, NULL, 1, 2),
(41, 'Rosemon', 'Frances', 'Kinderdorpstraat 2', '8711505', 'francesrosemon@gmail.com', '1996-08-07', NULL, NULL, 0, 1, 1, NULL, 'frances1521159695.jpg', NULL, '2021-03-09 22:26:24', '2021-03-09 22:26:24', 1, NULL, NULL, 1, 2),
(42, 'Jo-Ann', 'Garden', 'Tempestraat # 9', '7299848', 'joann_g@live.com', '1994-01-04', NULL, '2021-03-29', 0, 1, 1, NULL, 'IMG-20180205-WA00121518336215.jpg', NULL, '2021-03-09 22:26:24', '2021-03-30 00:28:03', 1, 0, NULL, 6, 2),
(43, 'Priscilla', 'Garden', 'Tempestraat # 9', '8665277', NULL, '1999-05-25', NULL, NULL, 0, 1, 1, NULL, 'garden priscilla1521159946.jpg', NULL, '2021-03-09 22:26:24', '2021-03-09 22:26:24', 1, NULL, NULL, 1, 2),
(44, 'Sharon', 'Garden', 'Tempestr no 9', '8683214', 'sharong1195@hotmail.com', '1995-01-28', NULL, NULL, 0, 1, 1, NULL, 'IMG-20180228-WA00321519866222.jpg', NULL, '2021-03-09 22:26:24', '2021-03-09 22:26:24', 1, NULL, NULL, 1, 2),
(45, 'Jeniel', 'Giskus', 'Kraboedoinstr 12', '8991438', NULL, '1990-10-10', NULL, NULL, 0, 1, 1, NULL, 'geniel1521160646.jpg', NULL, '2021-03-09 22:26:24', '2021-03-09 22:26:24', 1, NULL, NULL, 1, 2),
(46, 'Sara', 'Gonzalves', 'Santiagostraat #38', '8649721', 'sara.trust@live.com', '1984-09-23', NULL, NULL, 0, 1, 1, NULL, 'received_15975007503190941519549899.jpeg', NULL, '2021-03-09 22:26:24', '2021-03-09 22:26:24', 1, NULL, NULL, 1, 2),
(47, 'Miquel', 'Imamkhan', 'Asgarkaramatalistraat #1', '8501374', NULL, '1997-12-19', NULL, NULL, 0, 1, 1, NULL, 'imamkhan1521161418.jpg', NULL, '2021-03-09 22:26:24', '2021-03-09 22:26:24', 1, NULL, NULL, 1, 1),
(49, 'Odille', 'Jules', 'Katwijkweg 80   ', '8533447', NULL, '2001-02-08', NULL, NULL, 0, 1, 1, NULL, 'OJ1519388038.jpg', NULL, '2021-03-09 22:26:24', '2021-03-09 22:26:24', 1, NULL, NULL, 1, 2),
(50, 'Jovinsa', 'Klassie', 'Kinderdorpstraat 2', '8117526', 'klassiejovinsa@gmail.com', '1995-03-24', NULL, NULL, 0, 1, 1, NULL, 'IMG-20180204-WA00061519145861.jpg', NULL, '2021-03-09 22:26:24', '2021-03-09 22:26:24', 1, NULL, NULL, 1, 2),
(51, 'Obrego', 'Kortstam', 'Dr Sophieredmondstr 98', '8116944', 'obregoobrain18@gmail.com', '1997-02-22', NULL, NULL, 0, 1, 1, NULL, 'WhatsApp Image 2018-02-13 at 18.17.4241519146931.jpeg', NULL, '2021-03-09 22:26:24', '2021-03-09 22:26:24', 1, NULL, NULL, 1, 1),
(52, 'Angelo', 'Mawdo', 'Sohowanweg 74', '8866727', 'mr.mrmwdo@gmail.com', '1989-03-10', NULL, NULL, 0, 1, 1, NULL, 'WhatsApp Image 2018-02-13 at 18.18.581519146909.jpeg', NULL, '2021-03-09 22:26:24', '2021-03-09 22:26:24', 1, NULL, NULL, 1, 1),
(53, 'Kelisha', 'Meye', 'Wolframstraat 6b', '8774742', 'kelishameye@gmail.com', '1994-03-22', NULL, NULL, 0, 1, 1, NULL, 'KM1519387846.jpg', NULL, '2021-03-09 22:26:24', '2021-03-09 22:26:24', 1, NULL, NULL, 6, 2),
(54, 'Enrico', 'Mijnals', 'Kweeklustweg 72', '7273304', 'ricomijn@hotmail.com', '1991-12-07', NULL, NULL, 0, 1, 1, NULL, 'IMG-20180206-WA00001519145977.jpg', NULL, '2021-03-09 22:26:24', '2021-03-09 22:26:24', 1, NULL, NULL, 1, 1),
(55, 'Abygail', 'Misidjan', 'Orgelstraat 1', '8769522', NULL, '1996-05-07', NULL, NULL, 0, 1, 1, NULL, 'IMG_20180227_1807071519765770.jpg', NULL, '2021-03-09 22:26:24', '2021-03-09 22:26:24', 1, NULL, NULL, 1, 2),
(56, 'Ivanka', 'Noten', 'Rene de rooystr #29', '8791566', NULL, '1994-06-07', NULL, NULL, 0, 1, 1, NULL, 'IMG-20180225-WA00181519591288.jpg', NULL, '2021-03-09 22:26:24', '2021-03-09 22:26:24', 1, NULL, NULL, 1, 2),
(57, 'Xaviera', 'Pinas', 'Slijkgrasstraat 9', '7126065', 'ruth94pinas@gmail.com', '1994-08-30', NULL, NULL, 0, 1, 1, NULL, 'xaviera1521161746.jpg', NULL, '2021-03-09 22:26:24', '2021-03-09 22:26:24', 1, NULL, NULL, 1, 2),
(58, 'Mikaila', 'Pinas', 'Kronenburgweg 49', '8935016', 'mikaila.pinas@gmail.com', '1991-06-23', NULL, '2008-08-14', 0, 1, 1, NULL, 'received_20444692658279761520775877.jpeg', NULL, '2021-03-09 22:26:24', '2021-10-24 00:41:53', 4, 1, '2009-03-22', 1, 2),
(59, 'Candis', 'Pique', 'Van Landsbergestraat 12', '8572674', 'candypiq@gmail.com', '1997-11-25', NULL, NULL, 0, 1, 1, NULL, '20180305_2344201520306913.jpg', NULL, '2021-03-09 22:26:24', '2021-03-09 22:26:24', 1, NULL, NULL, 1, 2),
(60, 'Gracia', 'Pocorni', 'Bilitonstraat #23', '8712476', 'gracegloria1804@gmail.com', '2001-04-18', NULL, NULL, 0, 1, 1, NULL, 'WhatsApp Image 2018-02-13 at 18.21.431519146962.jpeg', NULL, '2021-03-09 22:26:24', '2021-03-09 22:26:24', 1, NULL, NULL, 1, 2),
(61, 'Timothy', 'Pocorni', 'Billitonstraat 23', '8987273', 'tim.poco01@gmail.com', '1998-02-14', NULL, NULL, 0, 1, 1, NULL, 'pocorni Tim1521162284.jpg', NULL, '2021-03-09 22:26:24', '2021-03-09 22:26:24', 1, NULL, NULL, 1, 1),
(63, 'Graciella', 'Rodrigues', 'Olie Palmstr 72', '8829000', 'gracellarodrigues1@gmail.com', '1988-12-19', NULL, NULL, 0, 1, 1, NULL, 'IMG-20180225-WA00061519547089.jpg', NULL, '2021-03-09 22:26:24', '2021-03-09 22:26:24', 1, NULL, NULL, 1, 2),
(64, 'Eric', 'Rudge', 'Aboenawrokostraat 19a', '8771705', 'rudge_clayton@hotmail.com', '1990-10-08', NULL, '2021-08-07', 0, 1, 1, NULL, 'e53a061b-cc2c-444c-bd5d-c879a90769d41519146617.jpg', NULL, '2021-03-09 22:26:24', '2021-08-07 23:43:51', 1, 1, '2006-01-31', 6, 1),
(65, 'Kisoor', 'Santoe', 'Magentaweg 301', '8592595', 'santoekisoor45@gmail.com', '1997-09-28', NULL, NULL, 0, 1, 1, NULL, 'kisoor1521162867.jpg', NULL, '2021-03-09 22:26:24', '2021-03-09 22:26:24', 1, NULL, NULL, 1, 1),
(66, 'Donovan', 'Saridjan', 'Libanonstraat # 106', '8646999', 'Saridjandg@gmail.com', '1994-10-18', NULL, NULL, 0, 1, 1, NULL, 'donovan1521163030.jpg', NULL, '2021-03-09 22:26:24', '2021-03-09 22:26:24', 1, NULL, NULL, 1, 1),
(67, 'Shaief', 'Patrick', 'Dagoepepreweg 9', '8783716', 'shaiefpatrick19@gmail.com', '1998-08-28', NULL, NULL, 0, 1, 1, NULL, 'IMG-20180228-WA00131519842125.jpg', NULL, '2021-03-09 22:26:24', '2021-03-09 22:26:24', 1, NULL, NULL, 1, 1),
(68, 'Kanjiro', 'Souprayen', 'Aswijkstraat 38', '8640936', NULL, '2003-10-02', NULL, '2021-04-03', 0, 1, 1, NULL, 'kanjero1521163229.jpg', NULL, '2021-03-09 22:26:24', '2021-04-04 03:44:06', 1, 0, NULL, 1, 1),
(70, 'Tim', 'Tawjoeram', 'Duikelaarstraat 51', '8600618', 'timtaw22@gmail.com', '1986-04-21', NULL, NULL, 0, 1, 1, NULL, 'tt1519144795.jpg', NULL, '2021-03-09 22:26:24', '2021-03-09 22:26:24', 1, NULL, NULL, 6, 1),
(71, 'Ulrich', 'Themen', 'Wederzorgweg 6', '8749593', 'ulrichthemen2@gmail.com', '1998-08-13', NULL, '2022-02-05', 0, 1, 1, NULL, 'IMG-20180226-WA00051519680700.jpg', NULL, '2021-03-09 22:26:24', '2022-02-05 20:55:10', 1, 1, '2022-02-05', 1, 1),
(72, 'Tairell', 'Valies', 'Anijsbladweg 48', '8680856', 'tairellvalies@gmail.com ', '2000-03-01', NULL, NULL, 0, 1, 1, NULL, '20180311_1433521520789648.jpg', NULL, '2021-03-09 22:26:24', '2021-03-09 22:26:24', 1, NULL, NULL, 1, 1),
(73, 'Ngina', 'Van Ewijk', 'Kwartetstraat 6', '8956040', 'nginavv@hotmail.com', '1990-10-19', NULL, NULL, 0, 1, 1, NULL, 'K1519222579.jpg', NULL, '2021-03-09 22:26:24', '2021-03-09 22:26:24', 1, NULL, NULL, 1, 2),
(74, 'Ernest', 'Van Ewijk', 'Bemaustraat 6 Wintiwai project', '8274336', 'ervanewijk@gmail.com ', '1988-03-26', NULL, NULL, 0, 1, 1, NULL, 'received_101553852897158931520799037.jpeg', NULL, '2021-03-09 22:26:24', '2021-03-09 22:26:24', 1, NULL, NULL, 1, 1),
(75, 'Martin', 'Veldkamp', 'Veldkampstraat 5a', '8685530', 'xternalizemvd@yahoo.com', '2018-04-01', NULL, '2021-03-29', 0, 1, 1, NULL, '20180315_1624191521501466.jpg', NULL, '2021-03-09 22:26:24', '2021-03-29 20:20:24', 1, 0, NULL, 1, 1),
(76, 'Talisa', 'Vrede', 'Leolaan 24', '8958483', 'talisadaily@hotmail.com', '1994-09-19', NULL, '2021-03-29', 0, 1, 1, NULL, 'IMG-20180319-WA00181521500815.jpg', NULL, '2021-03-09 22:26:24', '2021-05-02 22:17:05', 1, 0, NULL, 6, 2),
(77, 'Liza', 'Weeks', 'Beunosairres straat 12', '7289266', 'LizaWeeks@gmail.com', '1999-11-06', NULL, NULL, 0, 1, 1, NULL, 'lw1519230611.jpg', NULL, '2021-03-09 22:26:24', '2021-03-09 22:26:24', 1, NULL, NULL, 1, 2),
(78, 'Floreen', 'Weeks', 'Beunosairresstr 12', '8738005', NULL, '2001-12-28', NULL, NULL, 0, 1, 1, NULL, 'IMG-20180225-WA00161519587482.jpg', NULL, '2021-03-09 22:26:24', '2021-03-09 22:26:24', 1, NULL, NULL, 1, 2),
(79, 'Joel', 'Wirodikromo', 'Grietjebiestr 50', '8994226', 'Joelwiro@hotmail.com', '2000-05-15', NULL, NULL, 0, 1, 1, NULL, 'joel wiro1521163843.jpg', NULL, '2021-03-09 22:26:24', '2021-03-09 22:26:24', 1, NULL, NULL, 1, 1),
(80, 'Zequira', 'Zebeda', 'Gravenstraat 16', '8943311', 'ashzeq95@hotmail.com', '1995-10-01', NULL, NULL, 0, 1, 1, NULL, '40685293_1936554699724854_2842446997586182144_n1547870488.jpg', NULL, '2021-03-09 22:26:24', '2021-03-09 22:26:24', 1, NULL, NULL, 1, 2),
(81, 'Jamal', 'Raafenberg', 'Timorweg 67', '8622132', NULL, '2002-12-10', NULL, NULL, 0, 1, 1, NULL, 'FB_IMG_15201134953041520113514.jpg', NULL, '2021-03-09 22:26:24', '2021-03-09 22:26:24', 1, NULL, NULL, 1, 1),
(82, 'Zahira', 'Gard', 'Bloemendal 2', '8707742', NULL, '2004-10-02', NULL, NULL, 0, 1, 1, NULL, 'IMG-20180304-WA00001520163652.jpg', NULL, '2021-03-09 22:26:24', '2021-03-09 22:26:24', 1, NULL, NULL, 1, 2),
(83, 'Chanella', 'Hasselnook', 'Keskesmakastraat ', '7163537', NULL, '2001-07-31', NULL, NULL, 0, 1, 1, NULL, '1519149439491-4763963401519160231.jpg', NULL, '2021-03-09 22:26:24', '2021-03-09 22:26:24', 1, NULL, NULL, 1, 2),
(84, 'Christel', 'Nortan', 'Frederick  Derbystr 92', '8142269', 'christelnortan19@gmail.com', '2000-10-19', NULL, NULL, 0, 1, 1, NULL, '40215270_454757081685009_2622330404702519296_n1547516693.jpg', NULL, '2021-03-09 22:26:24', '2021-03-09 22:26:24', 1, NULL, NULL, 1, 2),
(85, 'Amaziah', 'Hitzert', 'Orvistraat 30', '8961526', 'amiprin6vangod@gmail.com', '2001-01-06', NULL, NULL, 0, 1, 1, NULL, '27336342_981561118663940_4125417948981216511_n1547871343.jpg', NULL, '2021-03-09 22:26:24', '2021-03-09 22:26:24', 1, NULL, NULL, 1, 2),
(86, 'Melodj-jay', 'Clows', 'Kasmierstraat 57', '8744090', NULL, '2003-07-16', NULL, NULL, 0, 1, 1, NULL, 'IMG-20180319-WA00141521492004.jpg', NULL, '2021-03-09 22:26:24', '2021-03-09 22:26:24', 1, NULL, NULL, 1, 2),
(87, 'Joelle', 'Haverkamp', 'koningpalmstraat 10', '7292603', 'joelle12.jx@gmail.com', '2002-02-10', NULL, NULL, 0, 1, 1, NULL, 'IMG-20190116-WA00471547895998.jpg', NULL, '2021-03-09 22:26:24', '2021-03-09 22:26:24', 1, NULL, NULL, 1, 2),
(88, 'Joel', 'Lome', 'Adjisaboeariewasierweg106', '8530394', NULL, '2002-08-10', NULL, NULL, 0, 1, 1, NULL, 'received_101553872849908931520860700.jpeg', NULL, '2021-03-09 22:26:24', '2021-03-09 22:26:24', 1, NULL, NULL, 1, 1),
(89, 'Mijeesa', 'Kastierie', 'Waterpolostr 4', '7473813', 'Mimikastierie@gmail.com', '1995-03-20', NULL, NULL, 0, 1, 1, NULL, 'mk1519224713.jpg', NULL, '2021-03-09 22:26:24', '2021-03-09 22:26:24', 1, NULL, NULL, 6, 2),
(90, 'Timothy', 'Anthonius', 'Commisares wythingweg 15', '8146236', 'chefaartimmy6@gmail.com', '1992-11-05', NULL, NULL, 0, 1, 1, NULL, 'WhatsApp Image 2018-02-13 at 18.17.441519146879.jpeg', NULL, '2021-03-09 22:26:24', '2021-03-09 22:26:24', 1, NULL, NULL, 1, 1),
(91, 'Monifa', 'Jardine', 'Orchideestraat 7', '7112257', NULL, '2001-08-08', NULL, NULL, 0, 1, 1, NULL, 'SGTP18521520275568.JPG', NULL, '2021-03-09 22:26:24', '2021-03-09 22:26:24', 1, NULL, NULL, 1, 2),
(92, 'Danielle ', 'Biekman', 'Cairolaan 17', '7193263', ' biekman.danielle@hotmail.com', '1986-07-27', NULL, NULL, 0, 1, 1, NULL, 'e2d14014-2ec2-4b53-a18f-672b6fd0cdc1 (2)1547871725.jpg', NULL, '2021-03-09 22:26:24', '2021-03-09 22:26:24', 1, NULL, NULL, 6, 2),
(93, 'Cyomara', 'Wolff', 'Tonistraat 11', '7170574', 'cyomara.wolff@yahoo.com', '1990-08-14', NULL, '2021-03-29', 0, 1, 1, NULL, 'FB pic (1)1517932706.jpg', NULL, '2021-03-09 22:26:24', '2021-03-30 00:27:47', 1, 0, NULL, 6, 2),
(94, 'Urbenso', 'Misidian', 'Tamansarie km 12,5', 'no phone', 'BENSO2001@hotmail.com', '2001-10-12', NULL, NULL, 0, 1, 1, NULL, 'IMG-20180319-WA00131521492647.jpg', NULL, '2021-03-09 22:26:24', '2021-03-09 22:26:24', 1, NULL, NULL, 1, 1),
(95, 'Perbita', 'Groenfeld ', 'Duitsburglaan #150A Flora', '8991708', 'perbitagroenfeld7@gmail.com', '1992-04-26', NULL, NULL, 0, 1, 1, NULL, 'pb1519214350.jpg', NULL, '2021-03-09 22:26:24', '2021-03-09 22:26:24', 1, NULL, NULL, 1, 2),
(96, 'Justin', 'Biervliet', 'Bradibitaweg #23 tout lui faut', '8532411', 'justinbievliet@gmail.com', '2003-02-19', NULL, '2021-07-24', 0, 1, 1, NULL, '15191500236361694391091519160844.jpg', NULL, '2021-03-09 22:26:24', '2021-07-24 21:01:18', 1, 0, NULL, 1, 1),
(97, 'Elia', 'Biervliet', 'Bradibitaweg #23', '8532339', 'joanbiervliet@gmail.com', '2001-12-03', NULL, '2021-07-24', 0, 1, 1, NULL, 'Screenshot_20180319-2037591521502727.jpg', NULL, '2021-03-09 22:26:24', '2021-07-24 20:31:57', 1, 0, NULL, 1, 1),
(98, 'Xiomaira ', 'Adipi Cairo', 'Coprastraat 3', '8726286', 'Cairoxiomaira88@gmail.com', '1988-09-09', NULL, NULL, 0, 1, 1, NULL, 'xa1519214696.jpg', NULL, '2021-03-09 22:26:24', '2021-03-09 22:26:24', 1, NULL, NULL, 6, 2),
(99, 'Ramona', 'Adamson-Cruden', 'Nw Charlesburgweg 123 ', '8993657', 'crutje 91@outlook.com', '1991-05-18', NULL, NULL, 0, 1, 1, NULL, 'RC1519216466.jpg', NULL, '2021-03-09 22:26:24', '2021-03-09 22:26:24', 1, NULL, NULL, 6, 2),
(100, 'Jonathan ', 'Adamson ', 'Nw Charlesburg weg 123', '8510463', 'jonathanadamson90@gmail.com', '1989-12-05', NULL, NULL, 0, 1, 1, NULL, 'JA1519216915.jpg', NULL, '2021-03-09 22:26:24', '2021-03-09 22:26:24', 1, NULL, NULL, 6, 1),
(101, 'Jeriva', 'Blankendal', 'Waldi Zuiverloonstraat #20', '8511226', 'Jblankendal@gmail.com', '2001-01-12', NULL, NULL, 0, 1, 1, NULL, '1519223721.jpg', NULL, '2021-03-09 22:26:24', '2021-03-09 22:26:24', 1, NULL, NULL, 1, 2),
(102, 'Shantrel  ', 'Sweet', 'Franklynweg 18', '8211108', 'shantrelsweet8@gmail.com', '2000-10-08', NULL, NULL, 0, 1, 1, NULL, 'ss (2)1519226863.jpg', NULL, '2021-03-09 22:26:24', '2021-03-09 22:26:24', 1, NULL, NULL, 1, 2),
(103, 'Jorgen', 'Albitrouw', 'Sardjoestraat 19 #Tourtone#', '5978581366', 'Jorgendeliefde@outlook.com', '1993-10-06', NULL, '2021-04-03', 0, 1, 1, NULL, 'za1519388617.jpg', NULL, '2021-03-09 22:26:24', '2021-04-04 03:46:53', 1, 0, NULL, 1, 1),
(104, 'Dorothy ', 'Mijnals ', 'Trekmierstraat 9', '5978881211', 'dorothymmijnals@gmail.com', '1989-07-13', NULL, NULL, 0, 1, 1, NULL, 'dmmm1519394701.jpg', NULL, '2021-03-09 22:26:24', '2021-03-09 22:26:24', 1, NULL, NULL, 6, 2),
(105, 'Meloushka', 'Martinus', 'Tapaistraat 10 (Ramgoe)', '7180676', 'mellygirl_15@hotmail.com', '1992-11-27', NULL, '2021-05-02', 0, 1, 1, NULL, 'mm1519401753.jpg', NULL, '2021-03-09 22:26:24', '2021-05-02 20:41:11', 1, 0, NULL, 1, 2),
(106, 'Sifra', 'Pocorni- Lome', 'Sinaasappelstraat  11', '8571837', 'rosi_poco@hotmail.com', '1985-01-30', NULL, '2021-03-29', 0, 1, 1, NULL, '485922_468206859893623_868750789_n1547872114.jpg', NULL, '2021-03-09 22:26:24', '2021-03-29 20:20:35', 1, 0, NULL, 1, 2),
(107, 'Mirre ', 'Gezius', 'tanimbarweg 11', '8664060', 'mirregezius@gmail.com', '2001-08-28', NULL, NULL, 0, 1, 1, NULL, 'IMG-20180223-WA00171519429112.jpg', NULL, '2021-03-09 22:26:24', '2021-03-09 22:26:24', 1, NULL, NULL, 1, 2),
(108, 'Xamora  ', 'Jaibodh', 'Walapastraat 56A', '8758788', 'Xamoraj21@gmail.com ', '2003-12-21', NULL, NULL, 0, 1, 1, NULL, 'Square Fit_20202282330315841583208630.jpg', NULL, '2021-03-09 22:26:24', '2021-03-09 22:26:24', 1, NULL, NULL, 1, 2),
(109, 'Cleon', 'Vorm', 'Kenongolaan 6 Lelydorp', '8515125', 'vormcleon@gmail.com', '1997-11-16', NULL, '2021-03-29', 0, 1, 1, NULL, 'IMG-20180221-WA00141519428931.jpg', NULL, '2021-03-09 22:26:24', '2021-03-29 20:19:57', 1, 0, NULL, 1, 1),
(110, 'Serge', 'Hitzert', 'lantanastraat 10', '7273806', NULL, '1992-10-11', NULL, NULL, 0, 1, 1, NULL, '20180225_0813011519546643.jpg', NULL, '2021-03-09 22:26:24', '2021-03-09 22:26:24', 1, NULL, NULL, 1, 1),
(111, 'Rochateau', 'Stjura', 'Agstarkaramatalistraat 1', '7195733', NULL, '2004-12-16', NULL, NULL, 0, 1, 1, NULL, '46768369_117467032604502_7920002140016214016_n (2)1547872310.jpg', NULL, '2021-03-09 22:26:24', '2021-03-09 22:26:24', 1, NULL, NULL, 1, 1),
(112, 'Guijen', 'Geysvliet', 'mathilda h malmbergweg 31', '7268405', 'guijengeysvliet14@gmail.com', '2000-01-05', NULL, NULL, 0, 1, 1, NULL, 'IMG-20180313-WA00141520971019.jpg', NULL, '2021-03-09 22:26:24', '2021-03-09 22:26:24', 1, NULL, NULL, 1, 1),
(113, 'Rouel', 'Engeso', 'Kraboenigstraat 15', '7456936', 'rouelengeso@gmail.com', '1990-07-03', NULL, NULL, 0, 1, 1, NULL, 'IMG-20180228-WA00211519861072.jpg', NULL, '2021-03-09 22:26:24', '2021-03-09 22:26:24', 1, NULL, NULL, 1, 1),
(114, 'Noah', 'Hek', 'Akoemoeweg 52', '8796695', 'noahhek12@hotmail.com', '1996-12-24', NULL, NULL, 0, 1, 1, NULL, '20180305_2345301520305388.jpg', NULL, '2021-03-09 22:26:24', '2021-03-09 22:26:24', 1, NULL, NULL, 1, 1),
(115, 'Alisha', 'Jagernath', 'Wilhemeniburgsweg 61', '8224784', NULL, '2000-09-24', NULL, NULL, 0, 1, 1, NULL, 'IMG-20180228-WA00271519861912.jpg', NULL, '2021-03-09 22:26:24', '2021-03-09 22:26:24', 1, NULL, NULL, 1, 2),
(116, 'Shomelso', 'Hanenberg', 'Cabellstraat 20', '8903893', 'shomelsohanenberg@gmail.com', '1997-11-25', NULL, NULL, 0, 1, 1, NULL, 'Screenshot_20180311-1413181520788432.jpg', NULL, '2021-03-09 22:26:24', '2021-03-09 22:26:24', 1, NULL, NULL, 1, 1),
(117, 'Ninotsjka', 'Kortram', 'Mathildah Malmbergweg 15', '8969963', NULL, '2000-09-09', NULL, NULL, 0, 1, 1, NULL, '20180311_1419421520788855.jpg', NULL, '2021-03-09 22:26:24', '2021-03-09 22:26:24', 1, NULL, NULL, 1, 2),
(118, 'Scarlet', 'Tjitrodipo', 'Angalampoestraat 7', '8632827', NULL, '1999-06-20', NULL, NULL, 0, 1, 1, NULL, '20180225_0851551519548701.jpg', NULL, '2021-03-09 22:26:24', '2021-03-09 22:26:24', 1, NULL, NULL, 1, 2),
(119, 'Santino', 'Blank', 'Libellstraat 10', '7180556', NULL, '1997-07-18', NULL, NULL, 0, 1, 1, NULL, 'IMG-20180313-WA00111520982607.jpg', NULL, '2021-03-09 22:26:24', '2021-03-09 22:26:24', 1, NULL, NULL, 1, 1),
(120, 'Ricardo', 'Dorst', 'Wongsoredjostraat 21', '722553', 'onbekent14@gmail.com', '1990-03-08', NULL, NULL, 0, 1, 1, NULL, '20180305_2346461520304843.jpg', NULL, '2021-03-09 22:26:24', '2021-03-09 22:26:24', 1, NULL, NULL, 1, 1),
(121, 'Genevieve ', 'Lantveld', 'Lewensteinstraat 94', '8696041', 'orphienne95@outlook.com ', '1995-06-16', NULL, NULL, 0, 1, 1, NULL, 'IMG-20180225-WA00091519549698.jpg', NULL, '2021-03-09 22:26:24', '2021-03-09 22:26:24', 1, NULL, NULL, 1, 2),
(122, 'Felicio', 'Artist', ' Lalaweg 16', '8709032', NULL, '1998-11-19', NULL, NULL, 0, 1, 1, NULL, 'received_1710036003462471519568152.jpeg', NULL, '2021-03-09 22:26:24', '2021-03-09 22:26:24', 1, NULL, NULL, 1, 1),
(123, 'Yasmine ', 'Albitrouw', 'Orvistraat 49A', '8983569', 'yasminealbitrouw@gmail.com', '2002-02-15', NULL, NULL, 0, 1, 1, NULL, '20180225_1528301519572508.jpg', NULL, '2021-03-09 22:26:24', '2021-03-09 22:26:24', 1, NULL, NULL, 1, 2),
(124, 'Michele ', 'Gummels - Jules', 'Fosforstraat 9', '8531342', 'michele.s.jules@gmail.com', '1990-08-28', NULL, NULL, 0, 1, 1, NULL, 'IMG-20180228-WA00161519842818.jpg', NULL, '2021-03-09 22:26:24', '2021-03-09 22:26:24', 1, NULL, NULL, 1, 2),
(125, 'Jordy ', 'Landus', 'Doloresstraat 21', '5978659366', 'jordy.landus@gmail.com', '1994-01-04', NULL, NULL, 0, 1, 1, NULL, 'IMG-20180228-WA00141519843352.jpg', NULL, '2021-03-09 22:26:24', '2021-03-09 22:26:24', 1, NULL, NULL, 1, 1),
(126, 'Tatjana', 'Antonius', 'Kotomisistraat 23', '7443345', NULL, '2001-01-13', NULL, '2021-04-03', 0, 1, 1, NULL, 'IMG-20180228-WA00201519845660.jpg', NULL, '2021-03-09 22:26:24', '2021-04-04 03:46:39', 1, 0, NULL, 1, 2),
(127, 'Jigal', 'Garden', 'Tempestraat 9 ', '8537997', 'emario1195@gmail.com', '2003-09-01', NULL, NULL, 0, 1, 1, NULL, '20180305_2342351520305256.jpg', NULL, '2021-03-09 22:26:24', '2021-03-09 22:26:24', 1, NULL, NULL, 1, 1),
(128, 'Rachel', 'Veldkamp', 'Bridgetownweg 6', '748-6569', 'rachveld@hotmail.com', '1995-01-13', NULL, NULL, 0, 1, 1, NULL, 'IMG-20180228-WA00221519860608.jpg', NULL, '2021-03-09 22:26:24', '2021-03-09 22:26:24', 1, NULL, NULL, 1, 2),
(129, 'Shawn', 'Snijders', 'Boerbuiten', '8114548', 'shawn13812@gmail.com', '2002-01-04', NULL, '2021-01-01', 0, 1, 1, NULL, 'IMG-20180228-WA00231519860881.jpg', NULL, '2021-03-09 22:26:24', '2021-05-02 20:16:41', 1, 0, NULL, 1, 1),
(130, 'Deyon', 'Rudge ', 'Aboengnawrokostraat 19A', '8748503', 'deyon730@gmail.com', '1993-08-30', NULL, NULL, 0, 1, 1, NULL, 'IMG-20180228-WA00261519861750.jpg', NULL, '2021-03-09 22:26:24', '2021-03-09 22:26:24', 1, NULL, NULL, 1, 1),
(131, 'Melissa', 'Misiedjian', 'Frederikmuntslagstraat 4', '8246000', 'jhwewinnerpower@gmail.com', '1987-10-05', NULL, NULL, 0, 1, 1, NULL, 'IMG-20180301-WA00221519953298.jpg', NULL, '2021-03-09 22:26:24', '2021-03-09 22:26:24', 1, NULL, NULL, 1, 2),
(132, 'Chantrell ', 'Flu', 'Knippastraat 17', '7669617', 'chantrell338@gmail.com', '1995-09-02', NULL, NULL, 0, 1, 1, NULL, 'received_7765463825555891520006972.jpeg', NULL, '2021-03-09 22:26:24', '2021-03-09 22:26:24', 1, NULL, NULL, 1, 2),
(133, 'Mando', 'Shenivah', 'Amroedweg 18 (Wanica)', '7283604', NULL, '2001-05-17', NULL, NULL, 0, 1, 1, NULL, '20180302_1432191520083039.jpg', NULL, '2021-03-09 22:26:24', '2021-03-09 22:26:24', 1, NULL, NULL, 1, 2),
(134, 'Owen', 'Oosterwolde', 'Engelslootstraat 9', '8267764', NULL, '2000-12-12', NULL, NULL, 0, 1, 1, NULL, '20180311_2028191520810929.jpg', NULL, '2021-03-09 22:26:24', '2021-03-09 22:26:24', 1, NULL, NULL, 1, 1),
(135, 'Geronimo ', 'Swedo', 'Wanestraat 13', '8807762', NULL, '1999-06-26', NULL, NULL, 0, 1, 1, NULL, 'IMG-20180302-WA00051520117926.jpg', NULL, '2021-03-09 22:26:24', '2021-03-09 22:26:24', 1, NULL, NULL, 1, 1),
(136, 'Jemima ', 'Tilborg', 'Waldi Zuiverloonstraat 17', '7459803', 'Jemimatilborg79@gmail.com', '2001-04-25', NULL, NULL, 0, 1, 1, NULL, '20180303_2003181520118271.jpg', NULL, '2021-03-09 22:26:24', '2021-03-09 22:26:24', 1, NULL, NULL, 1, 2),
(137, 'Giachino', 'Ronokarijo', 'Nw Charlesburg 106 c', '8847323', 'gyrchino89@hotmail.com', '1993-01-07', NULL, NULL, 0, 1, 1, NULL, 'gyr1521167616.jpg', NULL, '2021-03-09 22:26:24', '2021-03-09 22:26:24', 1, NULL, NULL, 1, 1),
(138, 'Joshua', 'Koese', 'Costatiaweg 67', '8658854', 'djjosh2010@hotmail.com', '1993-06-14', NULL, NULL, 0, 1, 1, NULL, '21192040_1553830344673250_7773842440799538420_n1548525106.jpg', NULL, '2021-03-09 22:26:24', '2021-03-09 22:26:24', 1, NULL, NULL, 1, 1),
(139, 'Gavin', 'Ooft ', 'Rotschildstraat pc112', '8593026', 'Gavinooft@hotmail.com', '1991-07-27', NULL, NULL, 0, 1, 1, NULL, 'gavin1521165804.jpg', NULL, '2021-03-09 22:26:24', '2021-03-09 22:26:24', 1, NULL, NULL, 1, 1),
(140, 'Hudiano  ', 'Rensch', 'Kastiestraat 5', '7163691', 'hudiano.rensch@outlook.com', '1989-12-13', NULL, NULL, 0, 1, 1, NULL, 'IMG-20180305-WA00011520294351.jpg', NULL, '2021-03-09 22:26:24', '2021-03-09 22:26:24', 1, NULL, NULL, 1, 1),
(142, 'Defarho', 'Wolff', 'Pampoestraat 33', 'no phone', 'defarhowolff450@gmail.com', '2001-12-11', NULL, NULL, 0, 1, 1, NULL, 'IMG-20180311-WA00171520794741.jpg', NULL, '2021-03-09 22:26:24', '2021-03-09 22:26:24', 1, NULL, NULL, 1, 1),
(143, 'Rosita', 'Hossein', 'Coppenamestraat 187', '8243161', NULL, '1997-03-24', NULL, NULL, 0, 1, 1, NULL, 'rosita1521166632.jpg', NULL, '2021-03-09 22:26:24', '2021-03-09 22:26:24', 1, NULL, NULL, 1, 2),
(144, 'Manuela', 'Ajauwna', 'confianceweg 27', '7600886', NULL, '1996-11-20', NULL, NULL, 0, 1, 1, NULL, 'IMG-20180311-WA00271520822976.jpg', NULL, '2021-03-09 22:26:24', '2021-03-09 22:26:24', 1, NULL, NULL, 1, 2),
(145, 'Harkhoe', 'Ritchy', 'Naipalstraat 101', '7637198', 'ritchysk8@gmail.com', '2001-09-07', NULL, NULL, 0, 1, 1, NULL, '20180311_1432591520789807.jpg', NULL, '2021-03-09 22:26:24', '2021-03-09 22:26:24', 1, NULL, NULL, 1, 1),
(146, 'Cleon', 'Juriaans', 'Buenosairesstraat 2', '8696599', 'presjuri@hotmail.com', '1989-12-21', NULL, NULL, 0, 1, 1, NULL, 'juriaans1521166924.jpg', NULL, '2021-03-09 22:26:24', '2021-03-09 22:26:24', 1, NULL, NULL, 1, 1),
(147, 'Wens', 'Mailin', 'Mijgelukweg 15', '7473025', 'mailin.wens@gmail.com', '1995-06-05', NULL, NULL, 0, 1, 1, NULL, 'IMG-20180313-WA00221520970949.jpg', NULL, '2021-03-09 22:26:24', '2021-03-09 22:26:24', 1, NULL, NULL, 1, 2),
(148, 'Revelinio', 'Ligeon', 'Pauluspotterstraat 30', '8850675', 'r.ligeon@live.com', '1991-02-04', NULL, NULL, 0, 1, 1, NULL, '20180305_2345541520860087.jpg', NULL, '2021-03-09 22:26:24', '2021-03-09 22:26:24', 1, NULL, NULL, 1, 1),
(149, 'Jose', 'Blijd', 'Harpalstraat 28', '7111105', 'joseblijd@gmail.com', '2001-06-04', NULL, NULL, 0, 1, 1, NULL, 'IMG-20180313-WA00161520982764.jpg', NULL, '2021-03-09 22:26:24', '2021-03-09 22:26:24', 1, NULL, NULL, 1, 1),
(150, 'Raoel', 'Hira', 'Tempestraat 9', '7639889', NULL, '2000-10-31', NULL, NULL, 0, 1, 1, NULL, 'IMG-20180313-WA00171520985539.jpg', NULL, '2021-03-09 22:26:24', '2021-03-09 22:26:24', 1, NULL, NULL, 1, 1),
(151, 'Sefania', 'Juriaans Forster', 'Dinalaan22', '8711505', 'Forstersefania@gmail.com', '1996-08-07', NULL, NULL, 0, 1, 1, NULL, '38071853_138276177078705_3098299827201507328_n1548529272.jpg', NULL, '2021-03-09 22:26:24', '2021-03-09 22:26:24', 1, NULL, NULL, 1, 2),
(152, 'Chivrano', 'Gatonie', 'Ephraimzegen cheronweg 13', '8516116', 'chivv17vlij00@gmail.com', '2001-01-23', NULL, NULL, 0, 1, 1, NULL, 'IMG-20190116-WA00501547896380.jpg', NULL, '2021-03-09 22:26:24', '2021-03-09 22:26:24', 1, NULL, NULL, 1, 1),
(153, 'Snijders', 'Jair', 'Geyervlijt #18', '8636267', 'jairasnijders@gmail.com', '1997-12-13', NULL, NULL, 0, 1, 1, NULL, 'IMG-20180319-WA00101521491934.jpg', NULL, '2021-03-09 22:26:24', '2021-03-09 22:26:24', 1, NULL, NULL, 1, 1),
(154, 'Poleon', 'Saira', 'Kinkajoestraat 12/ hildastraat # 21', '8676476', NULL, '1993-08-02', NULL, NULL, 0, 1, 1, NULL, 'IMG-20180318-WA00001521491412.jpg', NULL, '2021-03-09 22:26:24', '2021-03-09 22:26:24', 1, NULL, NULL, 1, 2),
(155, 'Bethany', 'Bruinendaal', 'Engelbrechtweg 97', '8655248', NULL, '2002-05-03', NULL, NULL, 0, 1, 1, NULL, 'IMG-20180319-WA00081521491833.jpg', NULL, '2021-03-09 22:26:24', '2021-03-09 22:26:24', 1, NULL, NULL, 1, 2),
(156, 'Shaveena', 'Wolff', 'Charlesburg', '7240776', NULL, '2003-04-12', NULL, NULL, 0, 1, 1, NULL, 'IMG-20180319-WA00151521491624.jpg', NULL, '2021-03-09 22:26:24', '2021-03-09 22:26:24', 1, NULL, NULL, 1, 2),
(157, 'Kimberly', 'Sealey', 'Anton de komstraat 35', '8992941', 'Kymairareid@gmail.com', '2002-09-08', NULL, NULL, 0, 1, 1, NULL, 'IMG-20180319-WA00071521492076.jpg', NULL, '2021-03-09 22:26:24', '2021-03-09 22:26:24', 1, NULL, NULL, 1, 2),
(158, 'Lakisha', 'Gefferie', 'Lamacheestraat 8', '8239875', NULL, '2005-04-09', NULL, NULL, 0, 1, 1, NULL, 'IMG-20180329-WA00141522364952.jpg', NULL, '2021-03-09 22:26:24', '2021-03-09 22:26:24', 1, NULL, NULL, 1, 2),
(159, 'Charlyn', 'Vreden', 'Dorinestraat 60', '8606904', 'Jervre14@gmail.com', '2002-01-30', NULL, NULL, 0, 1, 1, NULL, '48372961_479687495770832_4493635238819266560_n1547868050.jpg', NULL, '2021-03-09 22:26:24', '2021-03-09 22:26:24', 1, NULL, NULL, 1, 2),
(160, 'Kevin', 'Itamka', 'Kwatta', '7233065', NULL, '1999-04-23', NULL, NULL, 0, 1, 1, NULL, 'IMG-20180319-WA00111521492488.jpg', NULL, '2021-03-09 22:26:24', '2021-03-09 22:26:24', 1, NULL, NULL, 1, 1),
(161, 'Cherome', 'Koorndijk', 'Gongrijpstraat ', '7192194', 'cheromesr23@gmail.com', '1990-04-21', NULL, NULL, 0, 1, 1, NULL, 'Screenshot_20180319-2031271521502330.jpg', NULL, '2021-03-09 22:26:24', '2021-03-09 22:26:24', 1, NULL, NULL, 1, 1),
(162, 'Rebien', 'Bodha', 'De Boerbuitenweg 27', '7148039', NULL, '1997-02-28', NULL, NULL, 0, 1, 1, NULL, 'IMG-20180319-WA00211521500272.jpg', NULL, '2021-03-09 22:26:24', '2021-03-09 22:26:24', 1, NULL, NULL, 1, 1),
(163, 'Sookram', 'Randy', 'De Boerbuitenweg 2', '8740586', NULL, '1998-11-08', NULL, NULL, 0, 1, 1, NULL, 'IMG-20180319-WA00201521500402.jpg', NULL, '2021-03-09 22:26:24', '2021-03-09 22:26:24', 1, NULL, NULL, 1, 1),
(164, 'Kittija', 'Anijs', 'Loefbeeklaan #13', '8876615', 'kittijaanijs1801@gmail.com', '2001-01-18', NULL, '2021-05-02', 0, 1, 1, NULL, '95964731-b9cd-4094-8434-ea5948d40bc71547868935.jpg', NULL, '2021-03-09 22:26:24', '2021-05-02 20:33:44', 1, 0, NULL, 1, 2),
(165, 'Gabrielle', 'Wirodikromo', 'Pandit Murliweg #77', '8704320', NULL, '2003-01-23', NULL, NULL, 0, 1, 1, NULL, 'PHOTO-2019-01-17-19-40-361547843753.jpg', NULL, '2021-03-09 22:26:24', '2021-03-09 22:26:24', 1, NULL, NULL, 1, 2),
(166, 'Cheniva', 'Profeiro', 'Bloemendaal #24', '7673465', NULL, '2001-01-06', NULL, NULL, 0, 1, 1, NULL, 'cheniva1547849470.jpg', NULL, '2021-03-09 22:26:24', '2021-03-09 22:26:24', 1, NULL, NULL, 1, 2),
(167, 'Wolff', 'Shaveena', 'Pampoenstraat #33', '7143422', ' ', '2003-04-12', NULL, NULL, 0, 1, 1, NULL, 'Screenshot_2019-01-19-08-18-26-11547896737.png', NULL, '2021-03-09 22:26:24', '2021-03-09 22:26:24', 1, NULL, NULL, 1, 2),
(168, 'Bianca', 'Liesdek', 'Sibieharieweg #41', '7438690', NULL, '2002-09-24', NULL, NULL, 0, 1, 1, NULL, 'bianca1548805831.jpg', NULL, '2021-03-09 22:26:24', '2021-03-09 22:26:24', 1, NULL, NULL, 1, 2),
(169, 'Delaney', 'Nelom', 'Nw.Hernhutterstraat #11', '8163597', NULL, '2001-03-18', NULL, NULL, 0, 1, 1, NULL, '31967956_2097361353880602_5681903821761019904_n1548806278.jpg', NULL, '2021-03-09 22:26:24', '2021-03-09 22:26:24', 1, NULL, NULL, 1, 2),
(170, 'Rodger', 'Silos', 'Balaustraat', '7162047', 'rafaelsilo10@gmail.com', '1997-06-04', NULL, NULL, 0, 1, 1, NULL, '49581011_1041998139328507_1225959308965969920_n1548806506.jpg', NULL, '2021-03-09 22:26:24', '2021-03-09 22:26:24', 1, NULL, NULL, 1, 1),
(171, 'Shereen', 'Martodrono', 'Patatastraat 42', '8630690', 'Shereenmartoo@gmail.com', '1999-03-15', NULL, NULL, 0, 1, 1, NULL, '27749877_1363376407101629_8754908107456031425_n1548806717.jpg', NULL, '2021-03-09 22:26:24', '2021-03-09 22:26:24', 1, NULL, NULL, 1, 2),
(172, 'Danitchio', 'Wilson', 'Cabellstraat #49', '8237404', 'Willy.d@live.com', '1996-07-09', NULL, NULL, 0, 1, 1, NULL, 'PHOTO-2019-01-18-18-51-431547848861.jpg', NULL, '2021-03-09 22:26:24', '2021-03-09 22:26:24', 1, NULL, NULL, 1, 1),
(173, 'Patricia', 'Vrij', 'Perotiestraat 33', '8239644', 'patrciavrij@gmail.com', '1986-12-14', NULL, NULL, 0, 1, 1, NULL, '14317505_1803805346565422_3471571430439439410_n1548807640.jpg', NULL, '2021-03-09 22:26:24', '2021-03-09 22:26:24', 1, NULL, NULL, 1, 2),
(174, 'Ivanieldo', 'Mettendaf', 'peltophorumlaan 75b', '8729255', 'ivanieldomettendaflj96@gmail.com', '1996-01-24', NULL, '2021-10-23', 0, 1, 1, NULL, '50269899_10156115615692194_2074729848353325056_n1548808832.jpg', NULL, '2021-03-09 22:26:24', '2021-10-23 23:48:16', 1, 0, NULL, 1, 1),
(175, 'Cheventha', 'Gainsa', 'Oud Charlesburgweg 13', '8422089', NULL, '2004-09-09', NULL, '2021-08-14', 0, 1, 1, NULL, '20190126_1943441548542750.jpg', NULL, '2021-03-09 22:26:24', '2021-08-15 01:17:30', 1, 1, '2019-01-01', 1, 2),
(176, 'Djeneba', 'Jules', 'Katwijkweg #80', '8293599', 'julesdjenaba@gmail.com', '2004-12-20', NULL, NULL, 0, 1, 1, NULL, 'PHOTO-2019-01-18-14-39-201547842782.jpg', NULL, '2021-03-09 22:26:24', '2021-03-09 22:26:24', 1, NULL, NULL, 1, 2),
(177, 'Jonathan', 'Jozefzoon', 'Anniestraat #75', 'no phone', NULL, '2001-05-23', NULL, NULL, 0, 1, 1, NULL, '1497e473-3c4f-4a3f-8760-4074be7526851548510849.jpg', NULL, '2021-03-09 22:26:24', '2021-03-09 22:26:24', 1, NULL, NULL, 1, 1),
(178, 'Carine', 'Afata', 'Slijkgrassstraat #12', '8279484', NULL, '2000-03-31', NULL, NULL, 0, 1, 1, NULL, '4417d4ac-d435-482f-8363-7c5cac1657881548511316.jpg', NULL, '2021-03-09 22:26:24', '2021-03-09 22:26:24', 1, NULL, NULL, 1, 2),
(179, 'Veronie', 'Hiwat', 'Merimi straat #40', '8987163', NULL, '2003-03-14', NULL, '2021-04-03', 0, 1, 1, NULL, 'PHOTO-2019-01-17-20-55-391547843006.jpg', NULL, '2021-03-09 22:26:24', '2021-04-04 02:38:52', 1, 0, NULL, 1, 2),
(180, 'Prewien', 'Banwari', 'mohamed rashied pierkhan weg #240', '8791615', NULL, '2001-09-15', NULL, NULL, 0, 1, 1, NULL, 'PHOTO-2019-01-17-20-29-371547843162.jpg', NULL, '2021-03-09 22:26:24', '2021-03-09 22:26:24', 1, NULL, NULL, 1, 1),
(181, 'Stephanie', 'Blijer', 'Kartaramstrt #11', '7649480', 'steffielucille2511@gmail.com', '1997-11-25', NULL, NULL, 0, 1, 1, NULL, '23794894_1309562422523798_2503902216395937117_n1548810038.jpg', NULL, '2021-03-09 22:26:24', '2021-03-09 22:26:24', 1, NULL, NULL, 1, 2),
(182, 'Gail', 'Peneux', 'Dr. sophieredmon #100', '7431981', 'gail.peneux.3@gmail.com', '1999-04-16', NULL, NULL, 0, 1, 1, NULL, 'PHOTO-2019-01-17-20-14-301547843418.jpg', NULL, '2021-03-09 22:26:24', '2021-03-09 22:26:24', 1, NULL, NULL, 1, 2),
(183, 'Derya', 'Lo-A-Njoe', 'Hauraweg 68', '8931736', NULL, '1998-11-08', NULL, NULL, 0, 1, 1, NULL, '98c63df2-1541-4e22-81a5-26e6ef29e1c11548511055.jpg', NULL, '2021-03-09 22:26:24', '2021-03-09 22:26:24', 1, NULL, NULL, 1, 2),
(184, 'Oord', 'Inofaisa', 'Topaasstraat 19', '8792034', 'oordmarielle5@gmail.com', '2002-05-21', NULL, NULL, 0, 1, 1, NULL, NULL, NULL, '2021-03-09 22:26:24', '2021-03-09 22:26:24', 1, NULL, NULL, 1, 2),
(185, 'Gino', 'Gummels', 'Fosforstraat 9', '8752200', ' ', '1987-11-01', NULL, NULL, 0, 1, 1, NULL, '20190119_2100061548525410.jpg', NULL, '2021-03-09 22:26:24', '2021-03-09 22:26:24', 1, NULL, NULL, 1, 1),
(186, 'Jonathan ', 'Schattevo', 'Kokospalmstraat 6', '8679591', 'schattevo57@gmail.com', '1994-04-25', NULL, NULL, 0, 1, 1, NULL, 'IMG-20190119-WA00241548525907.jpg', NULL, '2021-03-09 22:26:24', '2021-03-09 22:26:24', 1, NULL, NULL, 1, 1),
(187, 'Jetro', 'Elcock', 'Juteweg 37', '7145932', ' ', '2000-09-05', NULL, NULL, 0, 1, 1, NULL, '19113865_1402513583227330_2446540060100217733_n1548813849.jpg', NULL, '2021-03-09 22:26:24', '2021-03-09 22:26:24', 1, NULL, NULL, 1, 1),
(188, 'Chery-An', 'Plet ', 'Patatastraat 42', '8557059', 'chplet78@gmail.com', '1999-01-12', NULL, NULL, 0, 1, 1, NULL, 'IMG-20190119-WA00231548526570.jpg', NULL, '2021-03-09 22:26:24', '2021-03-09 22:26:24', 1, NULL, NULL, 1, 2),
(189, 'Chesron', 'Reigman', 'Vredenslust 2', '8960584', ' ', '1999-06-04', NULL, NULL, 0, 1, 1, NULL, 'IMG-20190121-WA00131548526729.jpg', NULL, '2021-03-09 22:26:24', '2021-03-09 22:26:24', 1, NULL, NULL, 1, 1),
(190, 'Chairelee', 'Eersteling', 'Watrakawstraat 6', '7281460', ' ', '2002-03-02', NULL, NULL, 0, 1, 1, NULL, '20190119_2014401548527197.jpg', NULL, '2021-03-09 22:26:24', '2021-03-09 22:26:24', 1, NULL, NULL, 1, 2),
(191, 'Shebealy', 'Neyhorst', 'Watrakawstraat 6', '7281460', ' ', '2003-11-07', NULL, NULL, 0, 1, 1, NULL, '20190119_2014491548527434.jpg', NULL, '2021-03-09 22:26:24', '2021-03-09 22:26:24', 1, NULL, NULL, 1, 2),
(192, 'Romario', 'Monteiro Da Paixao', 'Jarakabastraat 4', '7442622', ' ', '2000-10-02', NULL, NULL, 0, 1, 1, NULL, '20190126_1938141548543936.jpg', NULL, '2021-03-09 22:26:24', '2021-03-09 22:26:24', 1, NULL, NULL, 1, 1),
(193, 'Valencio', 'Pinas', 'Chris van Lieropweg #6', '8528951', NULL, '2004-11-24', NULL, NULL, 0, 1, 1, NULL, 'IMG-20190126-WA00201548545459.jpg', NULL, '2021-03-09 22:26:24', '2021-03-09 22:26:24', 1, NULL, NULL, 1, 1),
(194, 'Fanathy', 'Paal', 'Emielaan #36', '8798507', ' ', '1999-05-18', NULL, NULL, 0, 1, 1, NULL, 'IMG-20190126-WA00211548545618.jpg', NULL, '2021-03-09 22:26:24', '2021-03-09 22:26:24', 1, NULL, NULL, 1, 2),
(195, 'Luciano', 'Renfrum', 'Puleowinastraat #17', '7141350', NULL, '2000-10-24', NULL, NULL, 0, 1, 1, NULL, '20190126_1909201548545915.jpg', NULL, '2021-03-09 22:26:24', '2021-03-09 22:26:24', 1, NULL, NULL, 1, 1),
(196, 'Zoe ', 'Paal', 'Oeroewastraat 5', '7162047', 'zoepaal30@gmail.com', '1998-05-30', NULL, NULL, 0, 1, 1, NULL, '20190126_1914181548546619.jpg', NULL, '2021-03-09 22:26:24', '2021-03-09 22:26:24', 1, NULL, NULL, 1, 2),
(197, 'Jason', 'Dongor ', 'Koekoedjakoestraat 17', '8201444', 'jasonxenono@gmail.com', '2008-10-30', NULL, NULL, 0, 1, 1, NULL, '20190126_1916411548546789.jpg', NULL, '2021-03-09 22:26:24', '2021-03-09 22:26:24', 1, NULL, NULL, 1, 1),
(198, 'Raylen', 'Duysei', 'Johannes Michelweg', '7293107', 'raylen80@gmail.com', '1997-12-08', NULL, NULL, 0, 1, 1, NULL, '20190126_1949361548546975.jpg', NULL, '2021-03-09 22:26:24', '2021-03-09 22:26:24', 1, NULL, NULL, 1, 1),
(199, 'Donnegy', 'Oosterwolde', 'Engelslootstraat9', '8823160', ' ', '2003-04-19', NULL, NULL, 0, 1, 1, NULL, '20190126_2101161548547390.jpg', NULL, '2021-03-09 22:26:24', '2021-03-09 22:26:24', 1, NULL, NULL, 1, 1),
(200, 'Marvin', 'Jordan', 'Van idsingastraat 13', '8222143', NULL, '2003-08-21', NULL, NULL, 0, 1, 1, NULL, 'Marvin Jordan1548805288.jpg', NULL, '2021-03-09 22:26:24', '2021-03-09 22:26:24', 1, NULL, NULL, 1, 1),
(201, 'Joel', 'Pocorni', 'Cameoostraat 44', '8668292', NULL, '2000-07-06', NULL, NULL, 0, 1, 1, NULL, 'Joel Pias1549732446.jpg', NULL, '2021-03-09 22:26:24', '2021-03-09 22:26:24', 1, NULL, NULL, 1, 1),
(202, 'Vincent', 'Clark', 'Alindestraat 33', '7637855', NULL, '1988-11-15', NULL, NULL, 0, 1, 1, NULL, 'Clark Vincent1549732905.jpg', NULL, '2021-03-09 22:26:24', '2021-03-09 22:26:24', 1, NULL, NULL, 1, 1),
(203, 'Namiganda', 'Jules', 'Katwijkweg 80', '8293599', NULL, '2006-01-17', NULL, NULL, 0, 1, 1, NULL, 'jules1549733144.jpg', NULL, '2021-03-09 22:26:24', '2021-03-09 22:26:24', 1, NULL, NULL, 1, 2),
(204, 'Shanesso', 'Lanti', 'Ronde birambie weg', '7232396', 'Shanesso16@hotmail.com', '1995-10-29', NULL, NULL, 0, 1, 1, NULL, 'IMG-20190210-WA00321550092496.jpg', NULL, '2021-03-09 22:26:24', '2021-03-09 22:26:24', 1, NULL, NULL, 1, 1),
(205, 'Raffaella', 'Scheineman', 'Waterpolo straat #4', '8200570', 'Scheinemanchavietcia@gmail.com', '2001-01-28', NULL, '2021-05-02', 0, 1, 1, NULL, NULL, NULL, '2021-03-09 22:26:24', '2021-05-02 21:26:57', 1, 0, NULL, 1, 2),
(206, 'Denzel', 'Raalte', 'Flora A', '7292139', NULL, '2000-01-12', NULL, NULL, 0, 1, 1, NULL, 'IMG-20190210-WA00051550093018.jpg', NULL, '2021-03-09 22:26:24', '2021-03-09 22:26:24', 1, NULL, NULL, 1, 1),
(207, 'Marlon', 'Leming', 'Ijzerkortstraat', '8937198', NULL, '1997-10-14', NULL, NULL, 0, 1, 1, NULL, 'IMG-20190210-WA00041550093292.jpg', NULL, '2021-03-09 22:26:24', '2021-03-09 22:26:24', 1, NULL, NULL, 1, 1),
(208, 'Prodance', 'Blijer', 'Sanisadstraat #21', '7462002', 'Blijerprodance@gmail.com', '1997-11-25', NULL, NULL, 0, 1, 1, NULL, 'IMG-20190210-WA00141550093505.jpg', NULL, '2021-03-09 22:26:24', '2021-03-09 22:26:24', 1, NULL, NULL, 1, 2),
(209, 'Jeremy', 'Wielzen', 'Rozenwortelweg #28', '765167400000', NULL, '2000-05-31', NULL, '2021-06-26', 0, 1, 1, NULL, 'IMG-20190210-WA00081550093653.jpg', NULL, '2021-03-09 22:26:24', '2021-06-26 20:29:32', 1, 0, NULL, 1, 1),
(210, 'Andro', 'Vrede', 'Ellerstraat #22A', '7431981', 'Drewrrede@gmail.com', '1990-10-22', NULL, NULL, 0, 1, 1, NULL, 'IMG-20190210-WA00251550093827.jpg', NULL, '2021-03-09 22:26:24', '2021-03-09 22:26:24', 1, NULL, NULL, 1, 1),
(211, 'Anthony', 'DeGuiar', 'Dr. Sophieredmondstraat #', '7431981', NULL, '1998-01-01', NULL, NULL, 0, 1, 1, NULL, 'IMG-20190210-WA00061550094141.jpg', NULL, '2021-03-09 22:26:24', '2021-03-09 22:26:24', 1, NULL, NULL, 1, 1),
(212, 'Shanera', 'Sumter', 'Kasmir # 57', '8108457', NULL, '2000-11-05', NULL, NULL, 0, 1, 1, NULL, 'IMG-20190210-WA00151550094281.jpg', NULL, '2021-03-09 22:26:24', '2021-03-09 22:26:24', 1, NULL, NULL, 1, 2),
(213, 'Xavier', 'Haverkamp', 'Koningpalm #10', '7653893', NULL, '2000-11-27', NULL, NULL, 0, 1, 1, NULL, 'IMG-20190210-WA00281550094451.jpg', NULL, '2021-03-09 22:26:24', '2021-03-09 22:26:24', 1, NULL, NULL, 1, 1),
(215, 'Sheniva', 'Klassie', 'Snijbonesstraat #37', '7602491', 'Klassiesheniva@gmail.com', '2003-03-21', NULL, NULL, 0, 1, 1, NULL, 'IMG-20190210-WA00191550095503.jpg', NULL, '2021-03-09 22:26:24', '2021-03-09 22:26:24', 1, NULL, NULL, 1, 2),
(216, 'Odiny', 'Dijkman', 'Wijdenstraat #101A', '8590705', NULL, '2001-10-08', NULL, NULL, 0, 1, 1, NULL, 'IMG-20190210-WA00261550095698.jpg', NULL, '2021-03-09 22:26:24', '2021-03-09 22:26:24', 1, NULL, NULL, 1, 1),
(217, 'Ben-chail', 'Cairo', 'Jayantweg #16', '8767450', NULL, '2000-01-31', NULL, NULL, 0, 1, 1, NULL, 'IMG-20190210-WA00271550095895.jpg', NULL, '2021-03-09 22:26:24', '2021-03-09 22:26:24', 1, NULL, NULL, 1, 1),
(218, 'Mercy', 'Gezius', 'Tanimbar #11', '8664060', NULL, '2006-07-08', NULL, NULL, 0, 1, 1, NULL, 'IMG-20190210-WA00311550096028.jpg', NULL, '2021-03-09 22:26:24', '2021-03-09 22:26:24', 1, NULL, NULL, 1, 2),
(219, 'Gabrielle', 'Garden', 'Tempestraat #7', '8609022', NULL, '2002-04-30', NULL, NULL, 0, 1, 1, NULL, NULL, NULL, '2021-03-09 22:26:24', '2021-03-09 22:26:24', 1, NULL, NULL, 1, 2),
(220, 'Martin', 'Mawdo', 'Sohawanweg #74', '8719329', NULL, '1993-01-11', NULL, NULL, 0, 1, 1, NULL, 'IMG-20190210-WA00001550096511.jpg', NULL, '2021-03-09 22:26:24', '2021-03-09 22:26:24', 1, NULL, NULL, 1, 1),
(221, 'Jerinhio', 'Gödeken', 'JA pengelstraat #126', '8997680', NULL, '2001-03-29', NULL, NULL, 0, 1, 1, NULL, NULL, NULL, '2021-03-09 22:26:24', '2021-03-09 22:26:24', 1, NULL, NULL, 1, 1),
(222, 'Chivero', 'Birtick', 'Sam sam straat #2', '8667349', NULL, '1999-12-12', NULL, NULL, 0, 1, 1, NULL, 'IMG-20190210-WA00161550096851.jpg', NULL, '2021-03-09 22:26:24', '2021-03-09 22:26:24', 1, NULL, NULL, 1, 1),
(223, 'Tranduy', 'Dunand', 'Hofstraat #81', '8277374', NULL, '1998-04-19', NULL, NULL, 0, 1, 1, NULL, NULL, NULL, '2021-03-09 22:26:24', '2021-03-09 22:26:24', 1, NULL, NULL, 1, 1),
(224, 'Dwayne', 'Pinas', 'Leiding 19A', '8983195', 'Pinasdwayne19@', '1998-10-16', NULL, NULL, 0, 1, 1, NULL, '20190413_1848261557009422.jpg', NULL, '2021-03-09 22:26:24', '2021-03-09 22:26:24', 1, NULL, NULL, 1, 1);
INSERT INTO `members` (`id`, `first_name`, `last_name`, `address`, `phone_number`, `email`, `birth_date`, `join_date`, `convert_date`, `married`, `active`, `candidate_member`, `member_type_change_date`, `image`, `id_number`, `created_at`, `updated_at`, `district_id`, `baptized`, `baptize_date`, `member_type_id`, `gender_id`) VALUES
(225, 'Remona', 'Van Els', 'Kopiofouroostr #2', '8991581', NULL, '1999-11-16', NULL, NULL, 0, 1, 1, NULL, '20190504_1858361557010987.jpg', NULL, '2021-03-09 22:26:24', '2021-03-09 22:26:24', 1, NULL, NULL, 1, 2),
(226, 'Faraz', 'Azeez', 'Krobiastraat # 85', '8976837', NULL, '1991-12-17', NULL, NULL, 0, 1, 1, NULL, '20190504_1929561557012810.jpg', NULL, '2021-03-09 22:26:24', '2021-03-09 22:26:24', 1, NULL, NULL, 1, 1),
(227, 'Josefa', 'Brewster', 'Soekhanstraat #', '8700356', NULL, '2000-06-29', NULL, NULL, 0, 1, 1, NULL, '20190504_1911401557011887.jpg', NULL, '2021-03-09 22:26:24', '2021-03-09 22:26:24', 1, NULL, NULL, 1, 2),
(228, 'Gui Uermo', 'Hiwat', 'Nieuwzorgweg', '7147297', NULL, '2002-05-07', NULL, NULL, 0, 1, 1, NULL, '20190504_1918181557012019.jpg', NULL, '2021-03-09 22:26:24', '2021-03-09 22:26:24', 1, NULL, NULL, 1, 1),
(229, 'Joachim', 'De Vries', 'Dietrastraat # 13', '8788117', NULL, '1999-08-13', NULL, NULL, 0, 1, 1, NULL, '20190504_1939221557013168.jpg', NULL, '2021-03-09 22:26:24', '2021-03-09 22:26:24', 1, NULL, NULL, 1, 1),
(230, 'Kian', 'Timpico', 'Nieuw Charlesburgweg', '7174782', NULL, '2000-11-26', NULL, NULL, 0, 1, 1, NULL, NULL, NULL, '2021-03-09 22:26:24', '2021-03-09 22:26:24', 1, NULL, NULL, 1, 1),
(231, 'Cermeno', 'Mande', 'Bindastraat', '7288310', NULL, '2001-10-10', NULL, NULL, 0, 1, 1, NULL, NULL, NULL, '2021-03-09 22:26:24', '2021-03-09 22:26:24', 1, NULL, NULL, 1, 1),
(232, 'Candice', 'Ronde', 'Boesiskowtoestraat #4', '8822105', 'Candiceronde20@gmail.com', '1997-05-23', NULL, '2021-06-26', 0, 1, 1, NULL, NULL, NULL, '2021-03-09 22:26:24', '2021-06-26 20:39:29', 1, 0, NULL, 1, 2),
(233, 'Raavi', 'Karijosemito', 'Lashkarweg #85', '8864108', 'Raavikarijo04@gmail.com', '2003-07-03', NULL, '2021-09-18', 0, 1, 1, NULL, '20190504_1927381557013817.jpg', NULL, '2021-03-09 22:26:24', '2021-09-18 23:28:08', 1, 0, NULL, 1, 1),
(234, 'Chayenne', 'Drankenstein', 'Tigristraat #7', '8761839', 'Drankensteinchayene@gmail.com', '1997-08-21', NULL, NULL, 0, 1, 1, NULL, 'FB_IMG_15571691475061557169300.jpg', NULL, '2021-03-09 22:26:24', '2021-03-09 22:26:24', 1, NULL, NULL, 1, 2),
(235, 'Cyfranie', 'Kappar', 'Samboerastraat #50a', '8606193', NULL, '2000-08-08', NULL, NULL, 0, 1, 1, NULL, '20190511_1801301557608913.jpg', NULL, '2021-03-09 22:26:24', '2021-03-09 22:26:24', 1, NULL, NULL, 1, 2),
(236, 'Abigeal', 'Biervliet', 'Saronbethelweg #9', '7157099', NULL, '1997-04-25', NULL, NULL, 0, 1, 1, NULL, '20190511_1819071557609866.jpg', NULL, '2021-03-09 22:26:24', '2021-03-09 22:26:24', 1, NULL, NULL, 1, 2),
(237, 'Defarho', 'Wolff', 'Pompoenstraat', '8285706', NULL, '2001-11-13', NULL, NULL, 0, 1, 1, NULL, '20190511_1812321557610007.jpg', NULL, '2021-03-09 22:26:24', '2021-03-09 22:26:24', 1, NULL, NULL, 1, 1),
(238, 'Kethesia', 'Douglas', 'L\'hermitage weg 22a', '8721649', NULL, '2005-05-22', NULL, '2021-08-14', 0, 1, 1, NULL, '20190511_1832381557610826.jpg', NULL, '2021-03-09 22:26:24', '2021-08-15 01:18:38', 1, 0, NULL, 1, 2),
(239, 'Xaviere', 'Pique', 'Jacobusstraat # 1', '8638514', NULL, '2000-04-22', NULL, NULL, 0, 1, 1, NULL, '20190511_1903361557616575.jpg', NULL, '2021-03-09 22:26:24', '2021-03-09 22:26:24', 1, NULL, NULL, 1, 2),
(240, 'Margaret', 'Veronica', 'Burenstraat 3', '7460948', NULL, '2004-04-27', NULL, NULL, 0, 1, 1, NULL, '20190511_1906471557617231.jpg', NULL, '2021-03-09 22:26:24', '2021-03-09 22:26:24', 1, NULL, NULL, 1, 2),
(241, 'Pinas', 'Giovanni', 'Pheraiweg # 1', '8855173', NULL, '1984-04-30', NULL, NULL, 0, 1, 1, NULL, '20190511_1855471557614566.jpg', NULL, '2021-03-09 22:26:24', '2021-03-09 22:26:24', 1, NULL, NULL, 1, 1),
(242, 'Stuger', 'Alex', 'Anamoestraat #165', '8971251', 'lexstuger@live.com', '1992-03-18', NULL, NULL, 0, 1, 1, NULL, '20190511_1927531557616176.jpg', NULL, '2021-03-09 22:26:24', '2021-03-09 22:26:24', 1, NULL, NULL, 1, 1),
(243, 'Joel', 'Pieka', 'Banansteeg #13', '7408003', NULL, '2001-10-22', NULL, '2021-04-03', 0, 1, 1, NULL, '20190511_1842531557617346.jpg', NULL, '2021-03-09 22:26:24', '2021-04-04 03:22:34', 1, 0, NULL, 1, 1),
(244, 'Denilson', 'Van der kust', 'Carthergoweg #15', '7253206', 'stottertje_Denil@hotmail.com', '1998-10-03', NULL, NULL, 0, 1, 1, NULL, '20190511_1844521557617868.jpg', NULL, '2021-03-09 22:26:24', '2021-03-09 22:26:24', 1, NULL, NULL, 1, 1),
(245, 'Revelino', 'Sandar', 'Livorno #2', '7145128', NULL, '1993-04-08', NULL, NULL, 0, 1, 1, NULL, '20190512_1110091557693585.jpg', NULL, '2021-03-09 22:26:24', '2021-03-09 22:26:24', 1, NULL, NULL, 1, 1),
(246, 'Shalom', 'Pinas', 'Corneliastraat # 8', '7250096', 'Shalom16Pinas@gmail.com', '2001-10-11', NULL, NULL, 0, 1, 1, NULL, '20190511_1856481557617452.jpg', NULL, '2021-03-09 22:26:24', '2021-03-09 22:26:24', 1, NULL, NULL, 1, 2),
(247, 'Macintha', 'Lienga', 'Kwattaweg', '8177450', NULL, '1996-03-16', NULL, NULL, 0, 1, 1, NULL, NULL, NULL, '2021-03-09 22:26:24', '2021-03-09 22:26:24', 1, NULL, NULL, 1, 2),
(248, 'Ordillio', 'Starke', 'Kerumantren #14A', '8691238', 'Starkeodille@outlook.com', '2003-09-15', NULL, NULL, 0, 1, 1, NULL, '20190511_1932521557618166.jpg', NULL, '2021-03-09 22:26:24', '2021-03-09 22:26:24', 1, NULL, NULL, 1, 1),
(249, 'Stefano', 'Riedewald', 'Hebiweristraat # 31', '8819840', NULL, '1994-09-30', NULL, NULL, 0, 1, 1, NULL, '20190518_1909111558220230.jpg', NULL, '2021-03-09 22:26:24', '2021-03-09 22:26:24', 1, NULL, NULL, 1, 1),
(250, 'zionrick', 'Koese', 'Heveastraat # 105', '7651632', NULL, '2000-01-12', NULL, NULL, 0, 1, 1, NULL, '20190518_1909371558220595.jpg', NULL, '2021-03-09 22:26:24', '2021-03-09 22:26:24', 1, NULL, NULL, 1, 1),
(251, 'Jermeny', 'Van der kust', 'Powakastraat ', 'no phone', NULL, '2006-04-11', NULL, NULL, 0, 1, 1, NULL, '20190518_1852261558220750.jpg', NULL, '2021-03-09 22:26:24', '2021-03-09 22:26:24', 1, NULL, NULL, 1, 2),
(252, 'Oniwete', 'Agodeba', 'Mariestraat # 95', '8221160', NULL, '2003-10-08', NULL, NULL, 0, 1, 1, NULL, '20190518_1931511558221068.jpg', NULL, '2021-03-09 22:26:24', '2021-03-09 22:26:24', 1, NULL, NULL, 1, 1),
(253, 'Malaika', 'Krishnadath', 'Mangolaan # 25', '8761038', NULL, '2001-11-03', NULL, NULL, 0, 1, 1, NULL, '20190518_1858241558221320.jpg', NULL, '2021-03-09 22:26:24', '2021-03-09 22:26:24', 1, NULL, NULL, 1, 2),
(254, 'Pinas', 'Astrando', 'Barbadostraat # 22', '7654854', 'Astrando122@gmail.com', '2000-05-22', NULL, NULL, 0, 1, 1, NULL, '20190518_1920511558221715.jpg', NULL, '2021-03-09 22:26:24', '2021-03-09 22:26:24', 1, NULL, NULL, 1, 1),
(255, 'Jaibodh', 'Riechana', 'Rosalinastraat #3', '8758788', NULL, '2005-04-22', NULL, NULL, 0, 1, 1, NULL, NULL, NULL, '2021-03-09 22:26:24', '2021-03-09 22:26:24', 1, NULL, NULL, 1, 2),
(256, 'Helstone', 'Sheree', 'Marathonstraat #11', '8246748', NULL, '1995-08-28', NULL, '2021-04-03', 0, 1, 1, NULL, '20190518_1908571558221611.jpg', NULL, '2021-03-09 22:26:24', '2021-04-04 03:28:28', 1, 0, NULL, 1, 2),
(257, 'Amintha', 'Livio', 'Brinsessestraat #203', '8249912', 'Livioamintha100@gmail.com', '2000-07-11', NULL, NULL, 0, 1, 1, NULL, NULL, NULL, '2021-03-09 22:26:24', '2021-03-09 22:26:24', 1, NULL, NULL, 1, 2),
(258, 'Seruja', 'Kastierie', 'Waterpolo 4', '0000000', NULL, '2002-04-20', NULL, '2021-08-14', 0, 1, 1, NULL, NULL, NULL, '2021-03-09 22:26:24', '2021-08-15 01:39:24', 1, 1, '2021-08-14', 1, 2),
(259, 'chenny', 'balkaran', 'pierpontweg# 31', '0', 'chennybalkaran@gmail.com', '2003-11-05', NULL, '2021-04-03', 0, 1, 1, NULL, NULL, NULL, '2021-03-09 22:26:24', '2021-04-04 02:53:27', 1, 0, NULL, 1, 2),
(260, 'clarita', 'nujnals-sno', 'hirasinghstraat# 92', '0', 'clarico@gmail.com', '1988-07-27', NULL, '2021-04-03', 0, 1, 1, NULL, NULL, NULL, '2021-03-09 22:26:24', '2021-04-04 02:53:51', 1, 0, NULL, 1, 2),
(261, 'nicarsia', 'garden', 'tourtonnelaan', '8973732', NULL, '2006-08-01', NULL, NULL, 0, 1, 1, NULL, NULL, NULL, '2021-03-09 22:26:24', '2021-03-09 22:26:24', 1, NULL, NULL, 1, 2),
(262, 'jernell', 'jubithoma', 'lalaweg #14', 'no phone', NULL, '2004-10-30', NULL, NULL, 0, 1, 1, NULL, NULL, NULL, '2021-03-09 22:26:24', '2021-03-09 22:26:24', 1, NULL, NULL, 1, 1),
(263, 'Gabrielle', 'Wiridikromo', 'Weg naar peperpot #242', '7104320', NULL, '2003-01-23', NULL, NULL, 0, 1, 1, NULL, '20190713_1825171563053353.jpg', NULL, '2021-03-09 22:26:24', '2021-03-09 22:26:24', 1, NULL, NULL, 1, 2),
(264, 'damien', 'Toekaja', 'JonaKietweg #46', 'no phone', NULL, '2001-06-23', NULL, NULL, 0, 1, 1, NULL, NULL, NULL, '2021-03-09 22:26:24', '2021-03-09 22:26:24', 1, NULL, NULL, 1, 2),
(265, 'fabio', 'Gonzagan', 'quintisbosstraat ', 'no phone', NULL, '1996-05-15', NULL, NULL, 0, 1, 1, NULL, NULL, NULL, '2021-03-09 22:26:24', '2021-03-09 22:26:24', 1, NULL, NULL, 1, 1),
(266, 'milton', 'ajaiso', 'bahadoeweg 18', '7474405', 'miltonajaiso163@gmail.com', '1999-01-13', NULL, NULL, 0, 1, 1, NULL, NULL, NULL, '2021-03-09 22:26:24', '2021-03-09 22:26:24', 1, NULL, NULL, 1, 1),
(267, 'Barros', 'Welliton', 'honderparkweg ', '7638433', NULL, '2003-04-25', NULL, NULL, 0, 1, 1, NULL, NULL, NULL, '2021-03-09 22:26:24', '2021-03-09 22:26:24', 1, NULL, NULL, 1, 1),
(268, 'miquel', 'sedoc', 'babunnoot # 122', '8234290', NULL, '1995-07-28', NULL, NULL, 0, 1, 1, NULL, NULL, NULL, '2021-03-09 22:26:24', '2021-03-09 22:26:24', 1, NULL, NULL, 1, 1),
(269, 'Chedi', 'Roshino', 'weg naar peperpot # 91', '8524450', NULL, '2004-03-25', NULL, NULL, 0, 1, 1, NULL, NULL, NULL, '2021-03-09 22:26:24', '2021-03-09 22:26:24', 1, NULL, NULL, 1, 1),
(270, 'Fanuel', 'perica', 'de boerbuitenweg# 116', '8124902', NULL, '2002-06-11', NULL, NULL, 0, 1, 1, NULL, NULL, NULL, '2021-03-09 22:26:24', '2021-03-09 22:26:24', 1, NULL, NULL, 1, 1),
(271, 'Pinas', 'Eiliane', 'fredreikshoopweg', '7474405', NULL, '2005-10-01', NULL, NULL, 0, 1, 1, NULL, NULL, NULL, '2021-03-09 22:26:24', '2021-03-09 22:26:24', 1, NULL, NULL, 1, 2),
(272, 'Dina', 'Joseph', 'silvianstraat #20', '7452741', NULL, '1989-06-01', NULL, NULL, 0, 1, 1, NULL, NULL, NULL, '2021-03-09 22:26:24', '2021-03-09 22:26:24', 1, NULL, NULL, 1, 2),
(273, 'Reane', 'Sijp', 'Helenastraat # 66', '5977691078', NULL, '1989-09-19', NULL, NULL, 0, 1, 1, NULL, NULL, NULL, '2021-03-09 22:26:24', '2021-03-09 22:26:24', 1, NULL, NULL, 1, 2),
(274, 'jowie', 'Ford', 'Tesimistraat # 14', '8692184', NULL, '2001-06-30', NULL, NULL, 0, 1, 1, NULL, 'FB_IMG_15709209559181570921023.jpg', NULL, '2021-03-09 22:26:24', '2021-03-09 22:26:24', 1, NULL, NULL, 1, 1),
(275, 'jiska', 'Van Genderen', 'consuela straat # 12', '8831000', NULL, '2001-08-27', NULL, NULL, 0, 1, 1, NULL, '20191012_1903381570920614.jpg', NULL, '2021-03-09 22:26:24', '2021-03-09 22:26:24', 1, NULL, NULL, 1, 2),
(276, 'miguel', 'Oudega', 'marthatraat #68', '7434066', NULL, '1995-08-31', NULL, '2019-10-01', 0, 1, 1, NULL, NULL, NULL, '2021-03-09 22:26:24', '2021-08-15 01:36:12', 1, 0, NULL, 1, 1),
(277, 'jessamy', 'schmeltz', 'ephraimzegen', '7459456', NULL, '2002-04-15', NULL, NULL, 0, 1, 1, NULL, '20191012_1909291570921152.jpg', NULL, '2021-03-09 22:26:24', '2021-03-09 22:26:24', 1, NULL, NULL, 1, 2),
(278, 'donnagage', 'wongsosemito', 'goedeverwachtingsweg #10', '8561032', NULL, '1998-12-02', NULL, NULL, 0, 1, 1, NULL, '20191012_1908441570921252.jpg', NULL, '2021-03-09 22:26:24', '2021-03-09 22:26:24', 1, NULL, NULL, 1, 1),
(279, 'Remiero', 'De jong', 'balsemienstraat', '8232877', NULL, '2003-12-30', NULL, NULL, 0, 1, 1, NULL, NULL, NULL, '2021-03-09 22:26:24', '2021-03-09 22:26:24', 1, NULL, NULL, 1, 1),
(280, 'Imana', 'Maaijen', 'Soekia mathoeraweg #14', '7179935', NULL, '1995-09-02', NULL, NULL, 0, 1, 1, NULL, 'FB_IMG_15709213923771570921496.jpg', NULL, '2021-03-09 22:26:24', '2021-03-09 22:26:24', 1, NULL, NULL, 1, 2),
(281, 'shante', 'Fenisie', 'Thebestraat #12', '8266905', NULL, '2003-01-18', NULL, NULL, 0, 1, 1, NULL, NULL, NULL, '2021-03-09 22:26:24', '2021-03-09 22:26:24', 1, NULL, NULL, 1, 2),
(282, 'Vallei', 'Manuelle', 'Verlengde Keizerstraat #37', 'no phone', NULL, '2000-01-01', NULL, NULL, 0, 1, 1, NULL, NULL, NULL, '2021-03-09 22:26:24', '2021-03-09 22:26:24', 1, NULL, NULL, 1, 2),
(283, 'Joel', 'Poketie', 'Cabbelstraat #20', '7298592', NULL, '1995-12-29', NULL, '2022-02-12', 0, 1, 1, NULL, NULL, NULL, '2021-03-09 22:26:24', '2022-02-12 22:19:37', 1, 0, NULL, 1, 1),
(284, 'Cherome', 'Kroondijk', 'gongrijpstraat #81', '7192194', NULL, '1990-04-21', NULL, NULL, 0, 1, 1, NULL, NULL, NULL, '2021-03-09 22:26:24', '2021-03-09 22:26:24', 1, NULL, NULL, 1, 1),
(285, 'Carine', 'Afata', 'slykgrasstr', '8279484', NULL, '2000-03-31', NULL, NULL, 0, 1, 1, NULL, NULL, NULL, '2021-03-09 22:26:24', '2021-03-09 22:26:24', 1, NULL, NULL, 1, 2),
(286, 'Glarisa', 'Lieveld', 'Virolastr', '8554076', NULL, '1994-11-14', NULL, NULL, 0, 1, 1, NULL, NULL, NULL, '2021-03-09 22:26:24', '2021-03-09 22:26:24', 1, NULL, NULL, 1, 2),
(287, 'Carine', 'Afata', 'Slykgrasstr', '8279484', NULL, '2000-03-31', NULL, NULL, 0, 1, 1, NULL, NULL, NULL, '2021-03-09 22:26:24', '2021-03-09 22:26:24', 1, NULL, NULL, 1, 2),
(288, 'Arthenia', 'Doornkamp', 'Bambistr 10b', '7459802', NULL, '2000-01-01', NULL, NULL, 0, 1, 1, NULL, 'IMG-20191102-WA00711572752206.jpg', NULL, '2021-03-09 22:26:24', '2021-03-09 22:26:24', 1, NULL, NULL, 1, 2),
(289, 'Jalen', 'Meerzorg', 'Tout Lui Faut Kanaal links #49', '8803292', NULL, '2001-03-30', NULL, NULL, 0, 1, 1, NULL, NULL, NULL, '2021-03-09 22:26:24', '2021-03-09 22:26:24', 1, NULL, NULL, 1, 1),
(290, 'schalkwijk', 'Imara', 'Ramgoelamweg #81', '8997240', NULL, '1997-01-25', NULL, NULL, 0, 1, 1, NULL, '20191123_1940141574551687.jpg', NULL, '2021-03-09 22:26:24', '2021-03-09 22:26:24', 1, NULL, NULL, 1, 2),
(291, 'Varida', 'Atomang', 'Orgelstraat 1', '8153848', NULL, '1998-05-05', NULL, NULL, 0, 1, 1, NULL, '20200118_1901171579388955.jpg', NULL, '2021-03-09 22:26:24', '2021-03-09 22:26:24', 1, NULL, NULL, 1, 2),
(292, 'dianne', 'willem', 'vredeburg 54', '7130475', NULL, '2005-01-05', NULL, NULL, 0, 1, 1, NULL, '20200118_1909531579388586.jpg', NULL, '2021-03-09 22:26:24', '2021-03-09 22:26:24', 1, NULL, NULL, 1, 2),
(293, 'daphne', 'willem', 'vredeburg 54', '7130475', NULL, '1999-08-12', NULL, NULL, 0, 1, 1, NULL, '20200118_1909351579387368.jpg', NULL, '2021-03-09 22:26:24', '2021-03-09 22:26:24', 1, NULL, NULL, 1, 2),
(294, 'sergio', 'vorm', 'zorg en hoop', '7646647', NULL, '2000-01-12', NULL, NULL, 0, 1, 1, NULL, '20200118_1923561579387271.jpg', NULL, '2021-03-09 22:26:24', '2021-03-09 22:26:24', 1, NULL, NULL, 1, 1),
(295, 'yannick', 'tarwjoeram', 'Dr. sophieredmon straat', '8951651', NULL, '2005-05-08', NULL, NULL, 0, 1, 1, NULL, '20200118_1856421579387169.jpg', NULL, '2021-03-09 22:26:24', '2021-03-09 22:26:24', 1, NULL, NULL, 1, 1),
(296, 'Reuel', 'Jintie', 'vidjaweg 17', '8828008', NULL, '1996-08-27', NULL, NULL, 0, 1, 1, NULL, NULL, NULL, '2021-03-09 22:26:24', '2021-03-09 22:26:24', 1, NULL, NULL, 1, 1),
(297, 'Estrella', 'wolff', 'Kenongolaan 6', '8952238', NULL, '1999-12-31', NULL, NULL, 0, 1, 1, NULL, NULL, NULL, '2021-03-09 22:26:24', '2021-03-09 22:26:24', 1, NULL, NULL, 1, 2),
(298, 'Pamela', 'Wolff', 'Kenongolaan 6', '7679450', NULL, '2001-04-25', NULL, NULL, 0, 1, 1, NULL, NULL, NULL, '2021-03-09 22:26:24', '2021-03-09 22:26:24', 1, NULL, NULL, 1, 2),
(299, 'tresson', 'Rafenberg', 'Timorweg # 67', '000000', NULL, '2005-03-06', NULL, '2021-10-23', 0, 1, 1, NULL, NULL, NULL, '2021-03-09 22:26:24', '2021-10-23 23:37:03', 1, 0, NULL, 1, 1),
(300, 'Afanaisa', 'Schet', 'Legwanastraat 4', '8170397', 'Afanaisaschet90@gmail.com', '1997-05-24', NULL, NULL, 0, 1, 1, NULL, NULL, NULL, '2021-03-09 22:26:24', '2021-03-09 22:26:24', 1, NULL, NULL, 1, 2),
(301, 'Sharifa', 'Asalobi', 'Van Idsignastraat #130C', '7260305', NULL, '2003-09-13', NULL, NULL, 0, 1, 1, NULL, NULL, NULL, '2021-03-09 22:26:24', '2021-03-09 22:26:24', 1, NULL, NULL, 1, 2),
(302, 'Timmon', 'Barron', 'Bokobokowiwiriweg #64', '8914589', NULL, '2000-01-01', NULL, NULL, 0, 1, 1, NULL, NULL, NULL, '2021-03-09 22:26:24', '2021-03-09 22:26:24', 1, NULL, NULL, 1, 1),
(303, 'Charona', 'Noten', 'Paramaribo', '8926794', NULL, '2021-03-05', NULL, '2021-03-27', 0, 1, 1, NULL, NULL, NULL, '2021-03-28 04:13:23', '2021-03-28 04:13:23', 1, 1, '2021-03-27', 1, 2),
(306, 'Emanuel (incomplete)', 'Agon', 'Niet bekend', '07281422', NULL, '2021-03-29', NULL, '2021-03-29', 0, 1, 1, NULL, NULL, NULL, '2021-03-29 20:47:17', '2021-03-29 20:47:17', 1, 0, NULL, 1, 1),
(308, 'Ivette', 'Lome', '00', '8579200', NULL, '2021-04-03', NULL, '2021-04-03', 0, 1, 1, NULL, NULL, NULL, '2021-04-04 03:13:14', '2021-04-04 03:13:14', 1, 0, NULL, 1, 2),
(309, 'Abigail', 'Atomang', '00000', '8417580', NULL, '2000-12-01', NULL, '2021-05-02', 0, 1, 1, NULL, NULL, NULL, '2021-05-02 19:50:14', '2021-05-02 20:13:56', 1, 0, NULL, 1, 2),
(310, 'Toeslien', 'Misiedjan', '00000', '07241058', NULL, '2021-05-02', NULL, '2021-05-02', 0, 1, 1, NULL, NULL, NULL, '2021-05-02 19:59:49', '2021-05-02 20:00:38', 1, 0, NULL, 1, 2),
(311, 'Yanalla', 'Albitrouw', '00000', '07247659', NULL, '2021-05-02', NULL, '2021-05-02', 0, 1, 1, NULL, NULL, NULL, '2021-05-02 20:31:12', '2021-05-02 20:31:12', 1, 0, NULL, 1, 2),
(312, 'Channa', 'Biervliet', '00000', '08738005', NULL, '2021-05-02', NULL, '2021-05-02', 0, 1, 1, NULL, NULL, NULL, '2021-05-02 20:39:45', '2021-05-02 20:39:45', 1, 0, NULL, 1, 2),
(313, 'Joy', 'Meye', 'Wolframstraat 6b', '8985711', NULL, '2021-05-02', NULL, '2021-05-02', 0, 1, 1, NULL, NULL, NULL, '2021-05-02 20:52:39', '2021-05-02 20:52:39', 1, 0, NULL, 1, 2),
(314, 'Danielle', 'Bout', '00000', '07193263', NULL, '2021-05-02', NULL, '2021-05-02', 0, 1, 1, NULL, NULL, NULL, '2021-05-02 20:57:36', '2021-05-02 20:57:36', 1, 0, NULL, 1, 2),
(315, 'Joel', 'Caper', 'residastraat #15', '7465934', 'joelcaper@hotmail.com', '1992-07-02', NULL, '2017-09-01', 0, 1, 1, NULL, NULL, NULL, '2021-05-02 21:32:10', '2021-10-17 00:27:19', 1, 1, '2018-08-12', 1, 1),
(316, 'Maraja', 'Geldorp', '00000', '7471034', NULL, '2021-05-02', NULL, '2021-05-02', 0, 1, 1, NULL, NULL, NULL, '2021-05-02 22:03:21', '2021-05-02 22:03:21', 1, 0, NULL, 1, 2),
(317, 'Faizel', 'Sprokkelman', '00000', '0000', NULL, '2021-05-02', NULL, '2021-05-02', 0, 1, 1, NULL, NULL, NULL, '2021-05-02 22:05:14', '2021-05-02 22:05:14', 1, 0, NULL, 1, 1),
(318, 'Wendel', 'Pinas', '00000', '0752716', NULL, '2021-05-02', NULL, '2021-05-02', 0, 1, 1, NULL, NULL, NULL, '2021-05-02 22:11:48', '2021-05-02 22:11:48', 1, 0, NULL, 1, 1),
(320, 'Anna', 'Amije', '0000', '07284228', NULL, '2021-05-04', NULL, '2021-05-04', 0, 1, 1, NULL, NULL, NULL, '2021-05-05 08:06:23', '2021-05-05 08:06:23', 1, 0, NULL, 1, 2),
(321, 'Abygail', 'Wakidjan', '0000', '08505424', NULL, '2021-05-04', NULL, '2021-05-04', 0, 1, 1, NULL, NULL, NULL, '2021-05-05 08:14:12', '2021-05-05 08:14:12', 1, 0, NULL, 1, 2),
(322, 'Cedric', 'Dorder', '0000', '08220988', NULL, '2021-05-04', NULL, '2021-05-04', 0, 1, 1, NULL, NULL, NULL, '2021-05-05 08:19:45', '2021-05-05 08:19:45', 1, 0, NULL, 1, 1),
(323, 'Ruth', 'Pinas', '0000', '07126065', NULL, '2021-05-04', NULL, '2021-05-04', 0, 1, 1, NULL, NULL, NULL, '2021-05-05 08:22:33', '2021-05-05 08:22:33', 1, 0, NULL, 1, 2),
(324, 'jessica', 'proeve', '000000', '07601515', NULL, '2021-05-08', NULL, '2021-05-08', 0, 1, 1, NULL, NULL, NULL, '2021-05-08 23:06:57', '2021-05-08 23:06:57', 1, 0, NULL, 1, 2),
(325, 'Bannavoo', 'Dwenta', '0000', '08253015', NULL, '2021-05-08', NULL, '2021-05-08', 0, 1, 1, NULL, NULL, NULL, '2021-05-08 23:13:16', '2021-05-08 23:13:16', 1, 0, NULL, 1, 2),
(326, 'Kethura', 'Lemmert', '0000', '0000', NULL, '2021-06-26', NULL, '2021-06-26', 0, 1, 1, NULL, NULL, NULL, '2021-06-26 20:14:07', '2021-06-26 20:14:07', 1, 0, NULL, 1, 2),
(327, 'Roshni', 'Manbodh', '00000', '8548399', NULL, '2021-07-17', NULL, '2021-07-17', 0, 1, 1, NULL, NULL, NULL, '2021-07-17 20:31:37', '2021-07-17 20:31:37', 1, 0, NULL, 1, 2),
(328, 'Faith', 'Dest', '0000', '0000', NULL, '2021-07-17', NULL, '2021-07-17', 0, 1, 1, NULL, NULL, NULL, '2021-07-17 20:53:21', '2021-07-17 20:53:21', 1, 0, NULL, 1, 2),
(330, 'Asha', 'Bodha', '0000', '8877444', NULL, '2021-07-31', NULL, '2021-07-31', 0, 1, 1, NULL, NULL, NULL, '2021-08-01 04:34:04', '2021-08-01 04:34:04', 1, 1, '2021-07-31', 1, 2),
(331, 'Gamaliel', 'Gaspar', '0000', '8533388', NULL, '2021-07-31', NULL, '2021-07-31', 0, 1, 1, NULL, NULL, NULL, '2021-08-01 04:35:12', '2021-08-01 04:35:12', 1, 0, NULL, 1, 1),
(332, 'Randy', 'Karso', '0000', '8646901', NULL, '2021-07-31', NULL, '2021-07-31', 0, 1, 1, NULL, NULL, NULL, '2021-08-01 04:35:54', '2021-08-01 04:35:54', 1, 0, NULL, 1, 1),
(333, 'Gideon', 'Sewberath-misser', '0000', '000000', NULL, '2021-08-07', NULL, '2021-08-07', 0, 1, 1, NULL, NULL, NULL, '2021-08-07 23:32:47', '2021-08-07 23:32:47', 1, 0, NULL, 1, 1),
(334, 'zhane', 'Velland', '0000', '00000', NULL, '2021-08-14', NULL, '2021-08-14', 0, 1, 1, NULL, NULL, NULL, '2021-08-14 23:16:56', '2021-08-14 23:16:56', 1, 1, '2021-08-14', 1, 2),
(335, 'Malik', 'Cotino', '00000', '00000', NULL, '2021-08-14', NULL, '2021-08-14', 0, 1, 1, NULL, NULL, NULL, '2021-08-14 23:50:18', '2021-08-14 23:50:18', 1, 0, NULL, 1, 1),
(336, 'Astrando', 'Leter', '0000', '000000', NULL, '2021-08-14', NULL, '2021-08-14', 0, 1, 1, NULL, NULL, NULL, '2021-08-14 23:50:57', '2021-08-14 23:50:57', 1, 0, NULL, 1, 1),
(337, 'Dwayne', 'Bottse', '00000', '000000', NULL, '2021-08-14', NULL, '2021-08-14', 0, 1, 1, NULL, NULL, NULL, '2021-08-14 23:52:12', '2021-08-14 23:52:12', 1, 0, NULL, 1, 1),
(338, 'Malie', 'Niekoop', '000000', '00000', NULL, '2021-08-14', NULL, '2021-08-14', 0, 1, 1, NULL, NULL, NULL, '2021-08-14 23:52:58', '2021-08-14 23:52:58', 1, 0, NULL, 1, 1),
(339, 'Valentino', 'Bandison', '00000', '00000', NULL, '2021-08-14', NULL, '2021-08-14', 0, 1, 1, NULL, NULL, NULL, '2021-08-14 23:53:46', '2021-08-14 23:53:46', 1, 0, NULL, 1, 1),
(340, 'Salomo', 'Lome', '00000', '00000', NULL, '2021-08-14', NULL, '2021-08-14', 0, 1, 1, NULL, NULL, NULL, '2021-08-14 23:55:28', '2021-08-14 23:55:28', 1, 0, NULL, 1, 1),
(341, 'Romaric', 'Rozenblad', '0000', '00000', NULL, '2021-08-14', NULL, '2021-08-14', 0, 1, 1, NULL, NULL, NULL, '2021-08-14 23:57:07', '2021-08-14 23:57:07', 1, 0, NULL, 1, 1),
(342, 'Xavier', 'Kluis', '00000', '00000', NULL, '2021-08-14', NULL, '2021-08-14', 0, 1, 1, NULL, NULL, NULL, '2021-08-14 23:58:00', '2021-08-14 23:58:00', 1, 0, NULL, 1, 1),
(343, 'Timothy', 'Banel', '00000', '0000000', NULL, '2021-08-14', NULL, '2021-08-14', 0, 1, 1, NULL, NULL, NULL, '2021-08-15 00:00:01', '2021-08-15 00:00:01', 1, 0, NULL, 1, 1),
(344, 'Junielle', 'Lome', '0000', '00000', NULL, '2021-08-14', NULL, '2021-08-14', 0, 1, 1, NULL, NULL, NULL, '2021-08-15 00:00:55', '2021-08-15 00:00:55', 1, 0, NULL, 1, 2),
(345, 'Mercurio', 'Rasoelbaks', '00000', '00000', NULL, '2021-08-14', NULL, '2021-08-14', 0, 1, 1, NULL, NULL, NULL, '2021-08-15 00:01:43', '2021-08-15 00:01:43', 1, 0, NULL, 1, 1),
(346, 'Ujeesa', 'Lome', '0000', '000000', NULL, '2021-08-14', NULL, '2021-08-14', 0, 1, 1, NULL, NULL, NULL, '2021-08-15 00:03:05', '2021-08-15 00:03:05', 1, 0, NULL, 1, 2),
(347, 'Damero', 'Pinas', '00000', '00000', NULL, '2021-08-14', NULL, '2021-08-14', 0, 1, 1, NULL, NULL, NULL, '2021-08-15 00:06:12', '2021-08-15 00:12:17', 1, 0, NULL, 1, 1),
(348, 'Gideon', 'Swietiemang', '000000', '000000', NULL, '2021-08-14', NULL, '2021-08-14', 0, 1, 1, NULL, NULL, NULL, '2021-08-15 00:07:04', '2021-08-15 00:07:04', 1, 0, NULL, 1, 1),
(349, 'Dorischa', 'Lome', '000000', '00000', NULL, '2021-08-14', NULL, '2021-08-14', 0, 1, 1, NULL, NULL, NULL, '2021-08-15 00:07:50', '2021-08-15 00:07:50', 1, 0, NULL, 1, 2),
(350, 'Jennifer', 'Lome', 'drambrandersgracht 111', '8583891', NULL, '2021-08-21', NULL, '2021-08-21', 0, 1, 1, NULL, NULL, NULL, '2021-08-21 23:36:40', '2021-08-21 23:36:40', 1, 0, NULL, 1, 2),
(351, 'Chivano', 'Biswane', '000', '8544360', NULL, '2021-08-28', NULL, '2021-08-28', 0, 1, 1, NULL, NULL, NULL, '2021-08-29 00:23:28', '2021-08-29 00:23:28', 1, 0, NULL, 1, 1),
(355, 'Vintesha', 'Lome', '0000000', '0000000', NULL, '2021-09-18', NULL, '2021-09-18', 0, 1, 1, NULL, NULL, NULL, '2021-09-18 23:41:40', '2021-09-18 23:41:40', 1, 0, NULL, 1, 2),
(356, 'Dominicia', 'Bandison', '0000000', '00000000', NULL, '2021-09-18', NULL, '2021-09-18', 0, 1, 1, NULL, NULL, NULL, '2021-09-18 23:44:12', '2021-09-18 23:44:12', 1, 0, NULL, 1, 2),
(357, 'Zabdiel', 'Bandison', '000000', '0000000', NULL, '2021-09-18', NULL, '2021-09-18', 0, 1, 1, NULL, NULL, NULL, '2021-09-18 23:46:16', '2021-09-18 23:46:16', 1, 0, NULL, 1, 1),
(358, 'Samira', 'Mangal', '0000', '8720910', NULL, '2021-09-18', NULL, '2021-09-18', 0, 1, 1, NULL, NULL, NULL, '2021-09-19 00:02:04', '2021-09-19 01:11:38', 1, 0, NULL, 1, 2),
(359, 'Rinesto', 'Adasi', '00000000', '0000000000000', NULL, '2021-09-18', NULL, '2021-09-18', 0, 1, 1, NULL, NULL, NULL, '2021-09-19 00:14:30', '2021-09-19 00:14:30', 1, 0, NULL, 1, 1),
(360, 'Franky', 'Holter', '000000000000000000', '000000000', NULL, '2021-09-18', NULL, '2021-09-18', 0, 1, 1, NULL, NULL, NULL, '2021-09-19 00:16:11', '2021-09-19 00:16:11', 1, 0, NULL, 1, 1),
(361, 'Abigail', 'Douglas', 'Verl keizer 35', '8909613', NULL, '2007-12-01', NULL, '2021-09-25', 0, 1, 1, NULL, NULL, NULL, '2021-09-25 23:16:29', '2021-09-25 23:16:29', 1, 0, NULL, 1, 2),
(362, 'Dennis', 'marcet', 'watrakawstraat #1', '894030', 'dennis.marcet@finance.gov.sr', '1984-11-06', NULL, '2021-09-25', 0, 1, 1, NULL, NULL, NULL, '2021-09-25 23:43:45', '2021-09-25 23:43:45', 1, 1, '2021-09-25', 1, 1),
(363, 'Jechaida', 'Fransman', 'Alexandrinastraat 7', '8503048', NULL, '2021-10-16', NULL, '2021-10-16', 0, 1, 1, NULL, NULL, NULL, '2021-10-16 22:46:42', '2021-10-16 22:46:42', 1, 0, NULL, 1, 2),
(364, 'Rucharo', 'Bijlhout', 'Arjadewaker straat 18', '8933785', NULL, '2021-10-16', NULL, '2021-10-16', 0, 1, 1, NULL, NULL, NULL, '2021-10-16 22:48:49', '2021-10-16 22:48:49', 1, 0, NULL, 1, 1),
(365, 'Cheniva', 'Mamie', 'kropkoolstraat 82', '8219882', NULL, '2021-10-16', NULL, '2021-10-16', 0, 1, 1, NULL, NULL, NULL, '2021-10-16 22:49:56', '2021-10-16 22:49:56', 1, 0, NULL, 1, 2),
(366, 'Ivonn', 'Doekoe', 'drambrandersgracht 109', '8828365', NULL, '2021-04-21', NULL, '2021-10-16', 0, 1, 1, NULL, NULL, NULL, '2021-10-16 23:15:50', '2021-10-23 23:32:58', 1, 0, NULL, 1, 2),
(367, 'chanet', 'potai', 'elzenhoutweg 11', '8993086', 'kimmypotai@gmail.com', '2001-11-08', NULL, '2021-10-16', 0, 1, 1, NULL, NULL, NULL, '2021-10-16 23:27:25', '2021-10-16 23:27:25', 4, 0, NULL, 1, 2),
(368, 'imana', 'maaijen', '0000000', '7179935', NULL, '1995-02-09', NULL, '2021-10-16', 0, 1, 1, NULL, NULL, NULL, '2021-10-16 23:58:57', '2021-10-16 23:58:57', 1, 0, NULL, 1, 2),
(371, 'Jason', 'Bruinendaal', 'engelbrechtweg 97', '8430216', 'lazydrummer101@gmail.com', '2005-01-04', NULL, '2021-02-01', 0, 1, 1, NULL, NULL, NULL, '2021-10-17 00:41:38', '2021-10-17 00:41:38', 2, 1, '2018-01-01', 1, 1),
(372, 'Zequira', 'Zebeda-Blom', '0000', '8943311', NULL, '2021-10-16', NULL, '2021-10-16', 0, 1, 1, NULL, NULL, NULL, '2021-10-17 01:03:38', '2021-10-17 01:03:38', 1, 0, NULL, 1, 2),
(373, 'Shaquille', 'Blom', '0000', '00000', NULL, '2021-10-16', NULL, '2021-10-16', 0, 1, 1, NULL, NULL, NULL, '2021-10-17 01:04:10', '2021-10-17 01:04:10', 1, 0, NULL, 1, 1),
(374, 'Gabriel', 'Goudmijn', 'Katharina straat 22b', '8121184', 'daniellagoudmijn@gmail.com', '2008-08-30', NULL, '2021-08-29', 0, 1, 1, NULL, NULL, NULL, '2021-10-23 23:44:02', '2022-01-08 17:15:06', 1, 1, '2021-10-23', 1, 1),
(380, 'ashley', 'Elcock', 'bomapolder serie 3', '5978637961', 'elaysasparendam@gmail.com', '1997-09-24', NULL, '2021-10-23', 0, 1, 1, NULL, NULL, NULL, '2021-10-24 01:22:31', '2021-10-24 01:22:31', 4, 0, NULL, 1, 2),
(382, 'Omar', 'Braithwaite', 'engelslootstraat9A', '7489003', NULL, '2008-12-06', NULL, '2021-10-30', 0, 1, 1, NULL, NULL, NULL, '2021-10-31 00:26:49', '2021-10-31 00:26:49', 1, 0, NULL, 1, 1),
(383, 'Martin', 'Veldkamp', 'Veldkampstraat 5A', '8685530', 'martinveltie@gmail.com', '1986-03-13', NULL, '1920-10-30', 0, 1, 1, NULL, NULL, NULL, '2021-10-31 00:36:17', '2021-10-31 00:36:17', 4, 1, '2021-10-30', 6, 1),
(384, 'lieveld', 'clement', 'Ephraimzeg weg 173', '8530924', 'clementlieveld2000@gmail.com', '2000-11-02', NULL, '2021-11-20', 0, 1, 1, NULL, NULL, NULL, '2021-11-20 23:51:25', '2021-11-20 23:51:25', 4, 0, NULL, 1, 1),
(386, 'Diego', 'Monkau', 'Laat en dadelstraat 4', '8885006', 'diggy1574@gmail.com', '1985-08-06', NULL, '2005-04-25', 0, 1, 1, NULL, NULL, NULL, '2022-01-29 19:57:30', '2022-01-29 19:57:30', 1, 1, '2009-08-25', 1, 1),
(387, 'Cha-ann', 'Altmann', 'puperbeerweg 91', '7293752', NULL, '2003-02-03', NULL, '2022-02-01', 0, 1, 1, NULL, NULL, NULL, '2022-01-29 20:19:21', '2022-01-29 20:19:21', 4, 1, '2022-01-29', 1, 2),
(388, 'neiel', 'altmann', 'puperbeerweg 91', '7258086', 'naigelaltje1@gmail.com', '2005-04-22', NULL, '2008-01-29', 0, 1, 1, NULL, NULL, NULL, '2022-01-29 20:41:07', '2022-01-29 20:41:07', 4, 1, '2022-01-01', 1, 1),
(389, 'Sjoukje', 'Amatsahlan', 'Charles Bergenweg 17', '8654219', 'Sjoukje-1997@hotmail.com', '1997-12-22', NULL, '2018-01-29', 0, 1, 1, NULL, NULL, NULL, '2022-01-29 22:02:18', '2022-01-29 22:02:18', 1, 1, '2019-10-20', 1, 1);

INSERT INTO `eagle_groups` (`id`, `team_captain`, `name`, `created_at`, `updated_at`) VALUES
(1, 99, 'Steller Zee Arend', NULL, NULL),
(2, 92, 'Zwarte Kuif Arend', NULL, NULL),
(3, 64, 'Kroon Arend', NULL, NULL),
(4, 53, 'Golden Eagle', NULL, NULL),
(5, 104, 'Bald Eagle', NULL, NULL),
(6, 14, 'Keizer Arend', NULL, NULL),
(7, 100, 'Steen Arend', NULL, NULL),
(8, 70, 'Harpy Eagle', NULL, NULL),
(9, 33, 'Tawney Eagle', NULL, NULL),
(11, 64, 'Bezoeker', '2021-05-02 23:12:33', '2021-05-02 23:12:33');
INSERT INTO `eagle_memberships` (`id`, `group_id`, `member_id`, `created_at`, `updated_at`) VALUES
(100, 3, 51, NULL, NULL),
(106, 3, 96, NULL, NULL),
(107, 3, 105, NULL, NULL),
(110, 7, 155, NULL, NULL),
(111, 7, 36, NULL, NULL),
(112, 7, 187, NULL, NULL),
(113, 7, 88, NULL, NULL),
(114, 7, 274, NULL, NULL),
(115, 7, 252, NULL, NULL),
(116, 7, 134, NULL, NULL),
(117, 7, 43, NULL, NULL),
(118, 7, 145, NULL, NULL),
(119, 7, 72, NULL, NULL),
(120, 7, 74, NULL, NULL),
(121, 7, 306, NULL, NULL),
(122, 1, 83, NULL, NULL),
(123, 1, 174, NULL, NULL),
(124, 1, 84, NULL, NULL),
(125, 1, 10, NULL, NULL),
(126, 1, 130, NULL, NULL),
(128, 1, 71, NULL, NULL),
(131, 1, 209, NULL, NULL),
(134, 1, 76, NULL, NULL),
(135, 2, 300, NULL, NULL),
(136, 2, 122, NULL, NULL),
(139, 2, 47, NULL, NULL),
(142, 2, 58, NULL, NULL),
(143, 2, 61, NULL, NULL),
(144, 2, 233, NULL, NULL),
(145, 2, 246, NULL, NULL),
(147, 4, 86, NULL, NULL),
(148, 4, 108, NULL, NULL),
(153, 4, 224, NULL, NULL),
(154, 4, 65, NULL, NULL),
(155, 4, 80, NULL, NULL),
(168, 5, 127, NULL, NULL),
(169, 5, 116, NULL, NULL),
(170, 5, 50, NULL, NULL),
(172, 5, 81, NULL, NULL),
(173, 5, 29, NULL, NULL),
(175, 5, 16, NULL, NULL),
(178, 5, 184, NULL, NULL),
(179, 5, 66, NULL, NULL),
(181, 5, 205, NULL, NULL),
(182, 5, 299, NULL, NULL),
(184, 6, 13, NULL, NULL),
(185, 6, 123, NULL, NULL),
(186, 6, 14, NULL, NULL),
(187, 6, 190, NULL, NULL),
(188, 6, 107, NULL, NULL),
(189, 6, 179, NULL, NULL),
(190, 6, 203, NULL, NULL),
(191, 6, 258, NULL, NULL),
(192, 6, 22, NULL, NULL),
(193, 6, 52, NULL, NULL),
(194, 6, 57, NULL, NULL),
(195, 6, 109, NULL, NULL),
(196, 6, 79, NULL, NULL),
(197, 7, 35, NULL, NULL),
(198, 8, 34, NULL, NULL),
(200, 8, 56, NULL, NULL),
(201, 8, 283, NULL, NULL),
(204, 8, 97, NULL, NULL),
(206, 8, 82, NULL, NULL),
(207, 8, 49, NULL, NULL),
(211, 9, 31, NULL, NULL),
(214, 9, 20, NULL, NULL),
(220, 9, 102, NULL, NULL),
(351, 3, 243, NULL, NULL),
(402, 11, 11, NULL, NULL),
(403, 11, 3, NULL, NULL),
(404, 11, 17, NULL, NULL),
(405, 11, 18, NULL, NULL),
(406, 11, 23, NULL, NULL),
(407, 11, 12, NULL, NULL),
(408, 11, 19, NULL, NULL),
(409, 11, 25, NULL, NULL),
(410, 11, 24, NULL, NULL),
(411, 11, 26, NULL, NULL),
(412, 11, 27, NULL, NULL),
(413, 11, 28, NULL, NULL),
(414, 11, 30, NULL, NULL),
(415, 11, 38, NULL, NULL),
(416, 11, 40, NULL, NULL),
(417, 11, 41, NULL, NULL),
(418, 11, 45, NULL, NULL),
(419, 11, 46, NULL, NULL),
(420, 11, 55, NULL, NULL),
(421, 11, 59, NULL, NULL),
(422, 11, 63, NULL, NULL),
(423, 11, 68, NULL, NULL),
(424, 11, 78, NULL, NULL),
(425, 11, 85, NULL, NULL),
(426, 11, 87, NULL, NULL),
(427, 11, 90, NULL, NULL),
(428, 11, 94, NULL, NULL),
(429, 11, 103, NULL, NULL),
(430, 11, 106, NULL, NULL),
(431, 11, 110, NULL, NULL),
(432, 11, 112, NULL, NULL),
(433, 11, 113, NULL, NULL),
(434, 11, 114, NULL, NULL),
(435, 11, 115, NULL, NULL),
(436, 11, 117, NULL, NULL),
(437, 11, 118, NULL, NULL),
(438, 11, 119, NULL, NULL),
(439, 11, 120, NULL, NULL),
(440, 11, 126, NULL, NULL),
(442, 11, 131, NULL, NULL),
(443, 11, 132, NULL, NULL),
(444, 11, 133, NULL, NULL),
(445, 11, 138, NULL, NULL),
(446, 11, 139, NULL, NULL),
(447, 11, 142, NULL, NULL),
(448, 11, 143, NULL, NULL),
(449, 11, 144, NULL, NULL),
(450, 11, 147, NULL, NULL),
(451, 11, 148, NULL, NULL),
(452, 11, 149, NULL, NULL),
(453, 11, 150, NULL, NULL),
(454, 11, 152, NULL, NULL),
(455, 11, 153, NULL, NULL),
(456, 11, 154, NULL, NULL),
(457, 11, 154, NULL, NULL),
(458, 11, 157, NULL, NULL),
(459, 11, 158, NULL, NULL),
(460, 11, 159, NULL, NULL),
(461, 11, 160, NULL, NULL),
(462, 11, 161, NULL, NULL),
(463, 11, 162, NULL, NULL),
(464, 11, 163, NULL, NULL),
(465, 11, 164, NULL, NULL),
(466, 11, 165, NULL, NULL),
(467, 11, 167, NULL, NULL),
(468, 11, 168, NULL, NULL),
(469, 11, 169, NULL, NULL),
(470, 11, 171, NULL, NULL),
(471, 11, 172, NULL, NULL),
(472, 11, 173, NULL, NULL),
(473, 11, 176, NULL, NULL),
(474, 11, 177, NULL, NULL),
(475, 11, 178, NULL, NULL),
(476, 11, 180, NULL, NULL),
(477, 11, 181, NULL, NULL),
(478, 11, 182, NULL, NULL),
(479, 11, 183, NULL, NULL),
(480, 11, 185, NULL, NULL),
(481, 11, 186, NULL, NULL),
(482, 11, 188, NULL, NULL),
(483, 11, 189, NULL, NULL),
(484, 11, 191, NULL, NULL),
(485, 11, 192, NULL, NULL),
(486, 11, 193, NULL, NULL),
(487, 11, 194, NULL, NULL),
(488, 11, 195, NULL, NULL),
(489, 11, 195, NULL, NULL),
(490, 11, 196, NULL, NULL),
(491, 11, 199, NULL, NULL),
(492, 11, 198, NULL, NULL),
(493, 11, 200, NULL, NULL),
(494, 11, 201, NULL, NULL),
(495, 11, 204, NULL, NULL),
(496, 11, 202, NULL, NULL),
(497, 11, 206, NULL, NULL),
(498, 11, 207, NULL, NULL),
(499, 11, 208, NULL, NULL),
(500, 11, 210, NULL, NULL),
(501, 11, 211, NULL, NULL),
(502, 11, 212, NULL, NULL),
(503, 11, 213, NULL, NULL),
(504, 11, 215, NULL, NULL),
(505, 11, 216, NULL, NULL),
(506, 11, 217, NULL, NULL),
(507, 11, 218, NULL, NULL),
(508, 11, 219, NULL, NULL),
(509, 11, 220, NULL, NULL),
(510, 11, 221, NULL, NULL),
(511, 11, 222, NULL, NULL),
(512, 11, 223, NULL, NULL),
(513, 11, 226, NULL, NULL),
(514, 11, 227, NULL, NULL),
(515, 11, 228, NULL, NULL),
(516, 11, 229, NULL, NULL),
(517, 11, 230, NULL, NULL),
(518, 11, 231, NULL, NULL),
(519, 11, 234, NULL, NULL),
(520, 11, 235, NULL, NULL),
(521, 11, 236, NULL, NULL),
(522, 11, 237, NULL, NULL),
(523, 11, 238, NULL, NULL),
(524, 11, 238, NULL, NULL),
(525, 11, 240, NULL, NULL),
(526, 11, 242, NULL, NULL),
(527, 11, 244, NULL, NULL),
(528, 11, 247, NULL, NULL),
(529, 11, 248, NULL, NULL),
(530, 11, 249, NULL, NULL),
(531, 11, 250, NULL, NULL),
(532, 11, 251, NULL, NULL),
(533, 11, 253, NULL, NULL),
(534, 11, 254, NULL, NULL),
(537, 11, 311, NULL, NULL),
(538, 11, 320, NULL, NULL),
(539, 11, 310, NULL, NULL),
(540, 11, 321, NULL, NULL),
(543, 11, 322, NULL, NULL),
(544, 11, 315, NULL, NULL),
(545, 11, 317, NULL, NULL),
(546, 11, 323, NULL, NULL),
(548, 11, 268, NULL, NULL),
(550, 11, 324, NULL, NULL),
(551, 11, 318, NULL, NULL),
(552, 11, 325, NULL, NULL),
(553, 1, 99, NULL, NULL),
(554, 2, 92, NULL, NULL),
(555, 3, 42, NULL, NULL),
(556, 3, 64, NULL, NULL),
(557, 4, 53, NULL, NULL),
(558, 5, 104, NULL, NULL),
(559, 7, 100, NULL, NULL),
(560, 8, 70, NULL, NULL),
(561, 9, 33, NULL, NULL),
(562, 11, 326, NULL, NULL),
(563, 6, 89, NULL, NULL),
(565, 11, 328, NULL, NULL),
(568, 4, 316, NULL, NULL),
(569, 4, 331, NULL, NULL),
(570, 2, 332, NULL, NULL),
(571, 2, 276, NULL, NULL),
(572, 11, 333, NULL, NULL),
(573, 11, 334, NULL, NULL),
(574, 11, 335, NULL, NULL),
(575, 11, 336, NULL, NULL),
(576, 11, 337, NULL, NULL),
(577, 11, 338, NULL, NULL),
(578, 11, 339, NULL, NULL),
(579, 11, 340, NULL, NULL),
(580, 11, 341, NULL, NULL),
(581, 11, 342, NULL, NULL),
(582, 11, 343, NULL, NULL),
(583, 11, 344, NULL, NULL),
(584, 11, 345, NULL, NULL),
(585, 11, 346, NULL, NULL),
(586, 11, 349, NULL, NULL),
(587, 11, 348, NULL, NULL),
(588, 11, 347, NULL, NULL),
(589, 1, 129, NULL, NULL),
(590, 11, 350, NULL, NULL),
(591, 11, 351, NULL, NULL),
(592, 2, 175, NULL, NULL),
(593, 11, 355, NULL, NULL),
(594, 11, 356, NULL, NULL),
(595, 11, 357, NULL, NULL),
(596, 6, 312, NULL, NULL),
(597, 6, 358, NULL, NULL),
(598, 11, 361, NULL, NULL),
(599, 11, 362, NULL, NULL),
(600, 4, 327, NULL, NULL),
(601, 11, 125, NULL, NULL),
(602, 11, 241, NULL, NULL),
(603, 11, 124, NULL, NULL),
(604, 11, 91, NULL, NULL),
(605, 11, 15, NULL, NULL),
(606, 11, 367, NULL, NULL),
(607, 11, 366, NULL, NULL),
(608, 11, 170, NULL, NULL),
(611, 11, 380, NULL, NULL),
(612, 9, 384, NULL, NULL),
(613, 9, 371, NULL, NULL),
(615, 9, 309, NULL, NULL),
(616, 9, 374, NULL, NULL),
(617, 11, 330, NULL, NULL),
(618, 11, 9, NULL, NULL),
(619, 11, 137, NULL, NULL),
(620, 11, 136, NULL, NULL),
(621, 11, 386, NULL, NULL),
(622, 11, 60, NULL, NULL),
(623, 11, 303, NULL, NULL),
(624, 11, 121, NULL, NULL),
(625, 11, 95, NULL, NULL),
(626, 11, 32, NULL, NULL),
(627, 11, 37, NULL, NULL),
(628, 11, 44, NULL, NULL),
(629, 11, 77, NULL, NULL),
(630, 11, 140, NULL, NULL),
(631, 11, 245, NULL, NULL),
(632, 11, 156, NULL, NULL),
(633, 11, 111, NULL, NULL),
(634, 11, 225, NULL, NULL),
(635, 11, 128, NULL, NULL),
(636, 9, 388, NULL, NULL),
(637, 11, 313, NULL, NULL);

INSERT INTO `visitors_sheet` (`id`, `name`, `date`, `event_id`, `created_at`, `updated_at`) VALUES
(4, 'Saturday 2021-04-03 Visitors', '2021-04-03', NULL, NULL, NULL),
(5, 'Saturday 2021-04-10 Visitors', '2021-04-10', NULL, NULL, NULL),
(6, 'Saturday 2021-04-17 Visitors', '2021-04-17', NULL, NULL, NULL),
(7, 'Saturday 2021-01-23 Visitors', '2021-01-23', NULL, NULL, NULL),
(8, 'Saturday 2021-02-27 Visitors', '2021-02-27', NULL, NULL, NULL),
(9, 'Saturday 2021-03-06 Visitors', '2021-03-06', NULL, NULL, NULL),
(10, 'Saturday 2021-03-13 Visitors', '2021-03-13', NULL, NULL, NULL),
(11, 'Saturday 2021-01-09 Visitors', '2021-01-09', NULL, NULL, NULL),
(12, 'Saturday 2021-02-20 Visitors', '2021-02-20', NULL, NULL, NULL),
(13, 'Saturday 2021-05-08 Visitors', '2021-05-08', NULL, NULL, NULL),
(14, 'Saturday 2021-05-15 Visitors', '2021-05-15', NULL, NULL, NULL),
(15, 'Saturday 2021-05-22 Visitors', '2021-05-22', NULL, NULL, NULL),
(16, 'Saturday 2021-06-19 Visitors', '2021-06-19', NULL, NULL, NULL),
(17, 'Saturday 2021-06-26 Visitors', '2021-06-26', NULL, NULL, NULL),
(18, 'Saturday 2021-07-03 Visitors', '2021-07-03', NULL, NULL, NULL),
(19, 'Saturday 2021-07-10 Visitors', '2021-07-10', NULL, NULL, NULL),
(20, 'Saturday 2021-07-17 Visitors', '2021-07-17', NULL, NULL, NULL),
(21, 'Saturday 2021-07-24 Visitors', '2021-07-24', NULL, NULL, NULL),
(22, 'Saturday 2021-07-31 Visitors', '2021-07-31', NULL, NULL, NULL),
(23, 'Saturday 2021-08-07 Visitors', '2021-08-07', NULL, NULL, NULL),
(24, 'Saturday 2021-08-14 Visitors', '2021-08-14', NULL, NULL, NULL),
(25, 'Saturday 2021-08-21 Visitors', '2021-08-21', NULL, NULL, NULL),
(26, 'Saturday 2021-08-28 Visitors', '2021-08-28', NULL, NULL, NULL),
(27, 'Saturday 2021-09-18 Visitors', '2021-09-18', NULL, NULL, NULL),
(28, 'Saturday 2021-09-25 Visitors', '2021-09-25', NULL, NULL, NULL),
(29, 'Saturday 2021-10-16 Visitors', '2021-10-16', NULL, NULL, NULL),
(30, 'Saturday 2021-10-23 Visitors', '2021-10-23', NULL, NULL, NULL),
(31, 'Saturday 2021-10-30 Visitors', '2021-10-30', NULL, NULL, NULL),
(32, 'Saturday 2021-10-09 Visitors', '2021-10-09', NULL, NULL, NULL),
(33, 'Saturday 2021-11-06 Visitors', '2021-11-06', NULL, NULL, NULL),
(34, 'Saturday 2021-10-02 Visitors', '2021-10-02', NULL, NULL, NULL),
(35, 'Saturday 2021-09-11 Visitors', '2021-09-11', NULL, NULL, NULL),
(36, 'Saturday 2021-11-13 Visitors', '2021-11-13', NULL, NULL, NULL),
(37, 'Saturday 2021-11-20 Visitors', '2021-11-20', NULL, NULL, NULL),
(38, 'Saturday 2022-01-15 Visitors', '2022-01-15', NULL, NULL, NULL),
(39, 'Saturday 2022-01-22 Visitors', '2022-01-22', NULL, NULL, NULL),
(40, 'Saturday 2022-02-12 Visitors', '2022-02-12', NULL, NULL, NULL),
(41, 'Saturday 2022-02-19 Visitors', '2022-02-19', NULL, NULL, NULL);
INSERT INTO `visitors_sheet_item` (`id`, `sheet_id`, `first_name`, `last_name`, `invited_by_id`, `gender_id`, `phone_number`, `created_at`, `updated_at`) VALUES
(2, 5, 'Tariq', 'Muradin', 1, 1, 'no number provided', NULL, NULL),
(3, 5, 'Maya', 'G....', 1, 2, 'no number provided', NULL, NULL),
(4, 7, 'Ashely', 'Elcock', 187, 2, 'no number provided', NULL, NULL),
(5, 8, 'Emanuel', 'Sanivi', 1, 1, 'no number provided', NULL, NULL),
(6, 9, 'Ashley', 'Elcock', 187, 2, 'no number provided', NULL, NULL),
(7, 9, 'Jo-Ann', 'Pavion', 1, 2, 'no number provided', NULL, NULL),
(8, 9, 'Emanuel', 'Sanvisi', 1, 1, 'no number provided', NULL, NULL),
(9, 10, 'Roche', 'Rothers', 1, 1, 'no number provided', NULL, NULL),
(10, 10, 'Megenie', 'manoeweri', 1, 2, 'no number provided', NULL, NULL),
(11, 10, 'Beauty', 'Manoeweri', 1, 2, 'no number provided', NULL, NULL),
(12, 10, 'Elijah', 'Pinas', 1, 1, 'no number provided', NULL, NULL),
(13, 10, 'Margos', 'Betjan', 1, 1, 'no number provided', NULL, NULL),
(14, 10, 'Chipharo', 'Wilson', 1, 1, 'no number provided', NULL, NULL),
(15, 11, 'Abigail', 'Wakidjan', 1, 2, 'no number provided', NULL, NULL),
(16, 11, 'Jammeroe', 'Lobo', 1, 1, 'no number provided', NULL, NULL),
(17, 11, 'Stjura', 'Jamelia', 1, 2, 'no number provided', NULL, NULL),
(18, 11, 'Jorisa', 'Aloewel', 1, 2, 'no number provided', NULL, NULL),
(19, 12, 'Fresson', 'Raafenberg', 1, 1, 'no number provided', NULL, NULL),
(20, 12, 'Emanuel', 'Sanvisi', 1, 1, 'no number provided', NULL, NULL),
(21, 12, 'Isaiah', 'Oosterwoude', 1, 1, 'no number provided', NULL, NULL),
(22, 12, 'Geen voornaam', 'Bendanon', 1, 1, 'no number provided', NULL, NULL),
(23, 8, 'Danielle', 'Bout', 14, 2, 'no number provided', NULL, NULL),
(24, 13, 'Kethura', 'Lemmert', 1, 2, 'no number provided', NULL, NULL),
(26, 13, 'Danny', 'Pereira de araujo', 320, 1, 'no number provided', NULL, NULL),
(28, 14, 'Kethura', 'Lemmert (2)', 1, 2, 'no number provided', NULL, NULL),
(29, 14, 'Danny', 'Pereira de araujo(2)', 320, 1, 'no number provided', NULL, NULL),
(30, 16, 'Kethura', '(2)', 1, 2, 'no number provided', NULL, NULL),
(31, 16, 'chiparo', 'wilson', 1, 1, 'no number provided', NULL, NULL),
(32, 16, 'lloyd', 'pinas', 299, 1, 'no number provided', NULL, NULL),
(33, 16, 'Maya', 'Grant', 1, 2, 'no number provided', NULL, NULL),
(35, 17, 'ivan', 'sake', 1, 1, '7214114', NULL, NULL),
(36, 17, 'veronica', 'margaret', 179, 2, '000', NULL, NULL),
(37, 19, 'Strooker', 'Gilciano', 89, 1, '8800889', NULL, NULL),
(38, 19, 'ivan(2)', 'sake', 1, 1, '7214114', NULL, NULL),
(39, 19, 'Dennis', 'marveg', 42, 1, '8904030', NULL, NULL),
(41, 19, 'nancy', 'vriesde', 1, 2, '8526101', NULL, NULL),
(42, 19, 'Danny', 'Pereira de araujo(3)', 320, 1, NULL, NULL, NULL),
(43, 19, 'Roshni', 'Manbodh', 53, 2, '8548399', NULL, NULL),
(45, 19, 'Tim', 'Chevar', 51, 1, NULL, NULL, NULL),
(46, 20, 'chivildo(lang niet gekomen)', 'anantoewe', 1, 1, '8264970', NULL, NULL),
(47, 20, 'ivan(3)', 'sake', 1, 1, '7214114', NULL, NULL),
(48, 20, 'marcet', 'dennis', 42, 1, '8904030', NULL, NULL),
(49, 21, 'Verano', 'Warning', 75, 1, '000000', NULL, NULL),
(50, 22, 'randy', 'kaso', 31, 1, '8697123', NULL, NULL),
(51, 22, 'Asha', 'Bodha', 1, 1, '8877444', NULL, NULL),
(52, 23, 'Malik', 'Cotino', 106, 1, '000000', NULL, NULL),
(53, 23, 'astrando', 'Leter', 106, 1, '0000', NULL, NULL),
(54, 23, 'dwayne', 'bottse', 106, 1, '00000', NULL, NULL),
(55, 23, 'Malie', 'Niekoop', 106, 1, '00000', NULL, NULL),
(56, 23, 'Valentino', 'Bandison', 106, 1, '00000', NULL, NULL),
(57, 23, 'Salomo', 'Lome', 106, 1, '00000', NULL, NULL),
(58, 23, 'Romaric', 'Rozenblad', 106, 1, '0000', NULL, NULL),
(59, 23, 'Xavier', 'Kluis', 106, 1, '00000', NULL, NULL),
(60, 23, 'Timothy', 'Banel', 106, 1, '00000', NULL, NULL),
(61, 21, 'Darnell', 'Levant', 106, 1, '00000', NULL, NULL),
(62, 21, 'Astrando', 'Leter', 106, 1, '08509716', NULL, NULL),
(63, 21, 'Dwayne', 'Bottse', 106, 1, '8871155', NULL, NULL),
(64, 21, 'Romero', 'Pams', 106, 1, '7126893', NULL, NULL),
(65, 21, 'Jamalzo', 'Niekoop', 106, 1, '8583249', NULL, NULL),
(66, 21, 'Rinesto', 'Adasi', 106, 1, '8426042', NULL, NULL),
(67, 21, 'Mareleio', 'Ramroep', 106, 1, '8438287', NULL, NULL),
(68, 21, 'Malik', 'Cotino', 106, 1, '7152601', NULL, NULL),
(69, 21, 'Valentino', 'Bandison', 106, 1, '8814743', NULL, NULL),
(70, 21, 'Varissa', 'Baneti', 106, 2, '8269571', NULL, NULL),
(71, 21, 'Rafelo', 'Baneti', 106, 1, '8269571', NULL, NULL),
(72, 24, 'Britney', 'Benjamin', 104, 2, '7122596', NULL, NULL),
(73, 24, 'Emma', 'Kuyer', 101, 2, '08836576', NULL, NULL),
(74, 24, 'Chivano', 'Biswane', 1, 1, '0000000', NULL, NULL),
(75, 24, 'Damew', 'Pinas', 308, 1, '00000', NULL, NULL),
(76, 24, 'Gideon', 'Swietiemang', 308, 1, '000000', NULL, NULL),
(77, 24, 'Dorischa', 'Lome', 308, 2, '000000', NULL, NULL),
(78, 23, 'Junielle', 'Lome', 308, 2, '00000', NULL, NULL),
(79, 23, 'Mercurio', 'Rasoelbaks', 53, 1, '000000', NULL, NULL),
(80, 23, 'Ujeesa', 'Lome', 308, 2, '00000', NULL, NULL),
(81, 25, 'Emma', 'Kuyer (2e keer)', 101, 2, '08836576', NULL, NULL),
(82, 25, 'Jofrandy', 'Gainsa', 1, 1, '000000', NULL, NULL),
(83, 25, 'Ivonne', 'Doekoe', 350, 2, '000000', NULL, NULL),
(84, 26, 'Nesto', 'Adasi', 1, 1, '8426042', NULL, NULL),
(85, 26, 'Chanifa', 'Mami', 309, 2, '0000000', NULL, NULL),
(86, 26, 'josua', 'Parisius', 1, 1, '8125782', NULL, NULL),
(87, 27, 'Shelton', 'Dollart', 174, 1, '8847290', NULL, NULL),
(88, 27, 'Faith', 'Metroos', 218, 1, '8410347', NULL, NULL),
(89, 28, 'Gabriel', 'Riedewald', 42, 1, '8683735', NULL, NULL),
(90, 28, 'Derya', 'Lo Ann Yu', 1, 2, '8931736', NULL, NULL),
(91, 28, 'Safiëra', 'Lo Ann Yu', 1, 2, '8651741', NULL, NULL),
(92, 29, 'Daphne', 'Moriah', 1, 2, '87807691', NULL, NULL),
(93, 29, 'Chiram', 'Moriah', 1, 1, '00000', NULL, NULL),
(94, 30, 'Dwight', 'burnett', 326, 1, '8607258', NULL, NULL),
(95, 30, 'Diego', 'Monkau', 51, 1, '8885006', NULL, NULL),
(96, 30, 'imana', 'maaijen', 170, 2, '7179935', NULL, NULL),
(97, 30, 'Sheniva', 'Mamie', 309, 2, '8219882', NULL, NULL),
(98, 30, 'Nagasia', 'Mamie', 309, 2, '000000', NULL, NULL),
(99, 30, 'Daphne', 'morea', 1, 2, '8707691', NULL, NULL),
(100, 30, 'Chiram', 'morea', 1, 1, '000000', NULL, NULL),
(101, 31, 'Gracelda', 'Seling', 309, 2, NULL, NULL, NULL),
(102, 31, 'Chaim', 'Best', 1, 1, '8828595', NULL, NULL),
(103, 33, 'Lyndou', 'Ammersingh', 327, 1, '8926402', NULL, NULL),
(104, 33, 'Clemen', 'Lieveld', 246, 1, '8330924', NULL, NULL),
(105, 33, 'Jechaida', 'Fransman', 276, 2, '8933785', NULL, NULL),
(106, 33, 'Brecia', 'Pensa', 258, 2, '8950213', NULL, NULL),
(107, 33, 'Ruchano', 'Bijlhout', 276, 1, '8933785', NULL, NULL),
(108, 36, 'Cha-ann', 'Altmann', 1, 2, '7293752', NULL, NULL),
(109, 37, 'Joel', 'Kenswil', 1, 1, '8844536', NULL, NULL),
(110, 37, 'Narain', 'Sanijay', 241, 1, '0000000', NULL, NULL),
(111, 38, 'Sandjana', 'Ramcharan', 179, 2, '8828738/ 8543048', NULL, NULL),
(112, 38, 'Shweta', 'Ramcharan', 179, 2, '8503048', NULL, NULL),
(113, 38, 'Sunaina', 'Ramcharan', 179, 2, '8808128', NULL, NULL),
(114, 38, 'Chantrell', 'Gravenstijn', 34, 2, '7291771', NULL, NULL),
(115, 38, 'Terwel', 'Gravenstijn', 34, 1, '8846433', NULL, NULL),
(116, 38, 'Tresson', 'Raafenberg', 1, 2, '8421472', NULL, NULL),
(117, 39, 'Libretto', 'Melody', 1, 2, '8869503', NULL, NULL),
(118, 39, 'Jeroe', 'DNNSFS', 1, 1, '7163183', NULL, NULL),
(119, 4, 'Wijnhard', 'Chivero', 76, 1, '00000', NULL, NULL),
(121, 4, 'Tamka', 'Kevin', 116, 1, '0000', NULL, NULL),
(122, 4, 'Biervliet', 'Arianne', 34, 2, '00000', NULL, NULL),
(123, 4, 'Cruden', 'Jael', 1, 2, '00000', NULL, NULL),
(124, 4, 'Utterberg', 'Ramona', 129, 2, '0000', NULL, NULL),
(125, 4, 'Morgenstond', 'Fallon', 50, 1, '0000', NULL, NULL),
(126, 4, 'Martodrono', 'Gabrielle', 246, 2, '0000', NULL, NULL),
(127, 41, 'Rigters', 'Gouandi', 174, 2, '8956643', NULL, NULL),
(128, 41, 'Jessurun', 'Steycha', 174, 2, '8808027', NULL, NULL),
(129, 41, 'Nijon', 'Sulema', 174, 2, '8626401', NULL, NULL),
(130, 41, 'Neede', 'Jemanuell', 174, 1, '7434804', NULL, NULL),
(131, 41, 'Tawjoeram', 'Jacheel', 174, 1, '8814873', NULL, NULL);

INSERT INTO `attendance_sheet` (`id`, `date`, `name`, `event_id`, `created_at`, `updated_at`) VALUES
(5, '2021-03-27', 'Saturday 2021-03-27', NULL, NULL, NULL),
(6, '2021-04-10', 'Saturday 2021-04-10', NULL, NULL, NULL),
(7, '2021-04-17', 'Saturday 2021-04-17', NULL, NULL, NULL),
(8, '2021-05-01', 'Saturday 2021-05-01', NULL, NULL, NULL),
(9, '2021-01-23', 'Saturday 2021-01-23', NULL, NULL, NULL),
(10, '2021-02-27', 'Saturday 2021-02-27', NULL, NULL, NULL),
(11, '2021-03-06', 'Saturday 2021-03-06', NULL, NULL, NULL),
(12, '2021-03-13', 'Saturday 2021-03-13', NULL, NULL, NULL),
(13, '2021-01-09', 'Saturday 2021-01-09', NULL, NULL, NULL),
(14, '2021-01-16', 'Saturday 2021-01-16', NULL, NULL, NULL),
(15, '2021-02-20', 'Saturday 2021-02-20', NULL, NULL, NULL),
(16, '2021-05-08', 'Saturday 2021-05-08', NULL, NULL, NULL),
(17, '2021-05-15', 'Saturday 2021-05-15', NULL, NULL, NULL),
(18, '2021-06-19', 'Saturday 2021-06-19', NULL, NULL, NULL),
(19, '2021-06-26', 'Saturday 2021-06-26', NULL, NULL, NULL),
(20, '2021-07-03', 'Saturday 2021-07-03', NULL, NULL, NULL),
(21, '2021-07-10', 'Saturday 2021-07-10', NULL, NULL, NULL),
(22, '2021-07-17', 'Saturday 2021-07-17', NULL, NULL, NULL),
(23, '2021-07-24', 'Saturday 2021-07-24', NULL, NULL, NULL),
(24, '2021-07-31', 'Saturday 2021-07-31', NULL, NULL, NULL),
(25, '2021-08-07', 'Saturday 2021-08-07', NULL, NULL, NULL),
(26, '2021-08-14', 'Saturday 2021-08-14', NULL, NULL, NULL),
(27, '2021-08-21', 'Saturday 2021-08-21', NULL, NULL, NULL),
(28, '2021-08-28', 'Saturday 2021-08-28', NULL, NULL, NULL),
(29, '2021-09-11', 'Saturday 2021-09-11', NULL, NULL, NULL),
(30, '2021-09-18', 'Saturday 2021-09-18', NULL, NULL, NULL),
(31, '2021-09-25', 'Saturday 2021-09-25', NULL, NULL, NULL),
(32, '2021-10-16', 'Saturday 2021-10-16', NULL, NULL, NULL),
(33, '2021-10-23', 'Saturday 2021-10-23', NULL, NULL, NULL),
(34, '2021-10-30', 'Saturday 2021-10-30', NULL, NULL, NULL),
(35, '2021-11-06', 'Saturday 2021-11-06', NULL, NULL, NULL),
(36, '2021-10-09', 'Saturday 2021-10-09', NULL, NULL, NULL),
(37, '2021-11-13', 'Saturday 2021-11-13', NULL, NULL, NULL),
(38, '2021-11-20', 'Saturday 2021-11-20', NULL, NULL, NULL),
(39, '2021-11-27', 'Saturday 2021-11-27', NULL, NULL, NULL),
(40, '2021-12-04', 'Saturday 2021-12-04', NULL, NULL, NULL),
(41, '2022-01-15', 'Saturday 2022-01-15', NULL, NULL, NULL),
(42, '2022-01-22', 'Saturday 2022-01-22', NULL, NULL, NULL),
(43, '2022-01-29', 'Saturday 2022-01-29', NULL, NULL, NULL),
(44, '2022-02-05', 'Saturday 2022-02-05', NULL, NULL, NULL),
(46, '2022-02-12', 'Saturday 2022-02-12', NULL, NULL, NULL),
(47, '2022-02-19', 'Saturday 2022-02-19', NULL, NULL, NULL);

INSERT INTO `attendance_sheet_item` (`id`, `sheet_id`, `member_id`, `group_id`, `present`, `created_at`, `updated_at`) VALUES
(9, 6, 155, 7, 1, NULL, NULL),
(10, 6, 96, 3, 1, NULL, NULL),
(12, 6, 84, 1, 1, NULL, NULL),
(13, 6, 36, 7, 1, NULL, NULL),
(14, 6, 175, 2, 1, NULL, NULL),
(15, 6, 187, 7, 1, NULL, NULL),
(17, 6, 145, 7, 1, NULL, NULL),
(19, 5, 130, 1, 1, NULL, NULL),
(20, 5, 76, 1, 1, NULL, NULL),
(21, 7, 252, 7, 1, NULL, NULL),
(22, 7, 84, 1, 1, NULL, NULL),
(23, 7, 174, 1, 1, NULL, NULL),
(24, 7, 283, 8, 1, NULL, NULL),
(25, 7, 16, 5, 1, NULL, NULL),
(26, 7, 122, 2, 1, NULL, NULL),
(28, 7, 35, 7, 1, NULL, NULL),
(30, 7, 224, 4, 1, NULL, NULL),
(31, 7, 96, 3, 1, NULL, NULL),
(32, 9, 14, 6, 1, NULL, NULL),
(33, 9, 175, 2, 1, NULL, NULL),
(34, 9, 76, 1, 1, NULL, NULL),
(36, 9, 224, 4, 1, NULL, NULL),
(37, 9, 233, 2, 1, NULL, NULL),
(38, 6, 252, 7, 1, NULL, NULL),
(39, 9, 107, 6, 1, NULL, NULL),
(40, 9, 49, 8, 1, NULL, NULL),
(41, 9, 274, 7, 1, NULL, NULL),
(42, 9, 29, 5, 1, NULL, NULL),
(43, 9, 108, 4, 1, NULL, NULL),
(44, 9, 31, 9, 1, NULL, NULL),
(45, 9, 130, 1, 1, NULL, NULL),
(46, 9, 43, 7, 1, NULL, NULL),
(47, 9, 127, 5, 1, NULL, NULL),
(48, 9, 71, 1, 1, NULL, NULL),
(49, 9, 51, 3, 1, NULL, NULL),
(50, 9, 205, 5, 1, NULL, NULL),
(51, 9, 123, 6, 1, NULL, NULL),
(52, 9, 179, 6, 1, NULL, NULL),
(53, 9, 128, 1, 1, NULL, NULL),
(54, 9, 258, 6, 1, NULL, NULL),
(55, 9, 96, 3, 1, NULL, NULL),
(56, 9, 283, 8, 1, NULL, NULL),
(57, 9, 97, 8, 1, NULL, NULL),
(58, 9, 105, 3, 1, NULL, NULL),
(59, 10, 258, 6, 1, NULL, NULL),
(60, 10, 122, 2, 1, NULL, NULL),
(61, 10, 16, 5, 1, NULL, NULL),
(62, 10, 175, 2, 1, NULL, NULL),
(63, 10, 179, 6, 1, NULL, NULL),
(64, 10, 10, 1, 1, NULL, NULL),
(65, 10, 84, 1, 1, NULL, NULL),
(66, 10, 174, 1, 1, NULL, NULL),
(67, 10, 76, 1, 1, NULL, NULL),
(68, 10, 107, 6, 1, NULL, NULL),
(69, 10, 109, 6, 1, NULL, NULL),
(70, 10, 274, 7, 1, NULL, NULL),
(71, 10, 127, 5, 1, NULL, NULL),
(72, 10, 203, 6, 1, NULL, NULL),
(73, 10, 49, 8, 1, NULL, NULL),
(74, 10, 252, 7, 1, NULL, NULL),
(75, 10, 128, 1, 1, NULL, NULL),
(76, 10, 29, 5, 1, NULL, NULL),
(77, 10, 35, 7, 1, NULL, NULL),
(78, 10, 51, 3, 1, NULL, NULL),
(79, 11, 123, 6, 1, NULL, NULL),
(80, 11, 233, 2, 1, NULL, NULL),
(81, 11, 130, 1, 1, NULL, NULL),
(82, 11, 122, 2, 1, NULL, NULL),
(83, 11, 105, 3, 1, NULL, NULL),
(84, 11, 252, 7, 1, NULL, NULL),
(85, 11, 108, 4, 1, NULL, NULL),
(86, 11, 205, 5, 1, NULL, NULL),
(87, 11, 175, 2, 1, NULL, NULL),
(88, 11, 274, 7, 1, NULL, NULL),
(89, 11, 187, 7, 1, NULL, NULL),
(90, 11, 10, 1, 1, NULL, NULL),
(91, 11, 109, 6, 1, NULL, NULL),
(92, 11, 96, 3, 1, NULL, NULL),
(93, 11, 97, 8, 1, NULL, NULL),
(94, 11, 116, 5, 1, NULL, NULL),
(95, 11, 283, 8, 1, NULL, NULL),
(96, 11, 203, 6, 1, NULL, NULL),
(97, 11, 107, 6, 1, NULL, NULL),
(98, 11, 49, 8, 1, NULL, NULL),
(99, 11, 51, 3, 1, NULL, NULL),
(100, 11, 179, 6, 1, NULL, NULL),
(101, 12, 108, 4, 1, NULL, NULL),
(102, 12, 205, 5, 1, NULL, NULL),
(103, 12, 82, 8, 1, NULL, NULL),
(104, 12, 52, 6, 1, NULL, NULL),
(105, 12, 31, 9, 1, NULL, NULL),
(106, 12, 107, 6, 1, NULL, NULL),
(107, 12, 96, 3, 1, NULL, NULL),
(108, 12, 97, 8, 1, NULL, NULL),
(109, 12, 49, 8, 1, NULL, NULL),
(110, 12, 203, 6, 1, NULL, NULL),
(111, 12, 179, 6, 1, NULL, NULL),
(112, 12, 274, 7, 1, NULL, NULL),
(113, 12, 252, 7, 1, NULL, NULL),
(114, 12, 175, 2, 1, NULL, NULL),
(115, 12, 246, 2, 1, NULL, NULL),
(116, 12, 76, 1, 1, NULL, NULL),
(117, 12, 105, 3, 1, NULL, NULL),
(118, 12, 243, 3, 1, NULL, NULL),
(119, 12, 283, 8, 1, NULL, NULL),
(120, 13, 16, 5, 1, NULL, NULL),
(121, 13, 274, 7, 1, NULL, NULL),
(122, 13, 10, 1, 1, NULL, NULL),
(123, 13, 258, 6, 1, NULL, NULL),
(124, 13, 83, 1, 1, NULL, NULL),
(125, 13, 205, 5, 1, NULL, NULL),
(126, 13, 79, 6, 1, NULL, NULL),
(127, 13, 174, 1, 1, NULL, NULL),
(128, 13, 47, 2, 1, NULL, NULL),
(129, 13, 96, 3, 1, NULL, NULL),
(130, 13, 97, 8, 1, NULL, NULL),
(131, 13, 108, 4, 1, NULL, NULL),
(132, 13, 175, 2, 1, NULL, NULL),
(133, 13, 84, 1, 1, NULL, NULL),
(134, 13, 111, 1, 1, NULL, NULL),
(135, 13, 130, 1, 1, NULL, NULL),
(136, 13, 252, 7, 1, NULL, NULL),
(137, 13, 34, 8, 1, NULL, NULL),
(138, 13, 123, 6, 1, NULL, NULL),
(139, 14, 205, 5, 1, NULL, NULL),
(140, 14, 252, 7, 1, NULL, NULL),
(141, 14, 258, 6, 1, NULL, NULL),
(142, 14, 175, 2, 1, NULL, NULL),
(143, 14, 79, 6, 1, NULL, NULL),
(144, 14, 97, 8, 1, NULL, NULL),
(145, 14, 96, 3, 1, NULL, NULL),
(146, 14, 47, 2, 1, NULL, NULL),
(147, 14, 174, 1, 1, NULL, NULL),
(148, 14, 51, 3, 1, NULL, NULL),
(149, 14, 10, 1, 1, NULL, NULL),
(150, 14, 123, 6, 1, NULL, NULL),
(151, 14, 75, 8, 1, NULL, NULL),
(152, 15, 274, 7, 1, NULL, NULL),
(153, 15, 72, 7, 1, NULL, NULL),
(154, 15, 67, 2, 1, NULL, NULL),
(155, 15, 179, 6, 1, NULL, NULL),
(156, 15, 51, 3, 1, NULL, NULL),
(157, 13, 309, 11, 1, NULL, NULL),
(158, 13, 215, 11, 1, NULL, NULL),
(159, 13, 129, 11, 1, NULL, NULL),
(160, 13, 312, 11, 1, NULL, NULL),
(161, 14, 311, 11, 1, NULL, NULL),
(162, 14, 129, 11, 1, NULL, NULL),
(163, 14, 320, 11, 1, NULL, NULL),
(164, 14, 215, 11, 1, NULL, NULL),
(165, 14, 68, 11, 1, NULL, NULL),
(166, 9, 164, 11, 1, NULL, NULL),
(167, 9, 309, 11, 1, NULL, NULL),
(168, 9, 310, 11, 1, NULL, NULL),
(169, 9, 129, 11, 1, NULL, NULL),
(170, 9, 68, 11, 1, NULL, NULL),
(171, 9, 321, 11, 1, NULL, NULL),
(172, 9, 11, 11, 1, NULL, NULL),
(173, 9, 311, 11, 1, NULL, NULL),
(174, 9, 238, 11, 1, NULL, NULL),
(175, 9, 312, 11, 1, NULL, NULL),
(176, 9, 215, 11, 1, NULL, NULL),
(177, 10, 316, 11, 1, NULL, NULL),
(178, 10, 322, 11, 1, NULL, NULL),
(179, 10, 315, 11, 1, NULL, NULL),
(180, 10, 317, 11, 1, NULL, NULL),
(181, 10, 323, 11, 1, NULL, NULL),
(182, 10, 310, 11, 1, NULL, NULL),
(183, 10, 176, 11, 1, NULL, NULL),
(184, 10, 320, 11, 1, NULL, NULL),
(185, 11, 311, 11, 1, NULL, NULL),
(186, 11, 238, 11, 1, NULL, NULL),
(187, 11, 315, 11, 1, NULL, NULL),
(188, 11, 316, 11, 1, NULL, NULL),
(189, 11, 317, 11, 1, NULL, NULL),
(190, 11, 164, 11, 1, NULL, NULL),
(191, 11, 312, 11, 1, NULL, NULL),
(192, 11, 276, 11, 1, NULL, NULL),
(193, 11, 268, 11, 1, NULL, NULL),
(194, 12, 316, 11, 1, NULL, NULL),
(195, 12, 317, 11, 1, NULL, NULL),
(196, 12, 199, 11, 1, NULL, NULL),
(197, 12, 312, 11, 1, NULL, NULL),
(198, 12, 176, 11, 1, NULL, NULL),
(199, 12, 311, 11, 1, NULL, NULL),
(200, 12, 276, 11, 1, NULL, NULL),
(201, 12, 320, 11, 1, NULL, NULL),
(203, 12, 315, 11, 1, NULL, NULL),
(204, 16, 252, 7, 1, NULL, NULL),
(205, 16, 316, 11, 1, NULL, NULL),
(206, 16, 29, 5, 1, NULL, NULL),
(207, 16, 315, 11, 1, NULL, NULL),
(208, 16, 179, 6, 1, NULL, NULL),
(209, 16, 122, 2, 1, NULL, NULL),
(210, 16, 129, 11, 1, NULL, NULL),
(211, 16, 258, 6, 1, NULL, NULL),
(212, 16, 61, 2, 1, NULL, NULL),
(213, 16, 105, 3, 1, NULL, NULL),
(214, 16, 79, 6, 1, NULL, NULL),
(215, 16, 309, 11, 1, NULL, NULL),
(216, 16, 50, 5, 1, NULL, NULL),
(217, 16, 274, 7, 1, NULL, NULL),
(218, 16, 205, 5, 1, NULL, NULL),
(219, 16, 35, 7, 1, NULL, NULL),
(220, 16, 299, 5, 1, NULL, NULL),
(221, 16, 224, 4, 1, NULL, NULL),
(222, 16, 110, 11, 1, NULL, NULL),
(223, 16, 43, 7, 1, NULL, NULL),
(224, 16, 127, 5, 1, NULL, NULL),
(225, 16, 49, 8, 1, NULL, NULL),
(226, 16, 203, 6, 1, NULL, NULL),
(227, 16, 176, 11, 1, NULL, NULL),
(228, 16, 313, 11, 1, NULL, NULL),
(229, 16, 109, 6, 1, NULL, NULL),
(230, 16, 108, 4, 1, NULL, NULL),
(231, 16, 10, 1, 1, NULL, NULL),
(232, 16, 130, 1, 1, NULL, NULL),
(233, 16, 175, 2, 1, NULL, NULL),
(234, 16, 320, 11, 1, NULL, NULL),
(235, 16, 210, 11, 1, NULL, NULL),
(236, 16, 75, 8, 1, NULL, NULL),
(237, 16, 185, 11, 1, NULL, NULL),
(238, 16, 71, 1, 1, NULL, NULL),
(239, 16, 84, 1, 1, NULL, NULL),
(240, 16, 174, 1, 1, NULL, NULL),
(241, 16, 318, 11, 1, NULL, NULL),
(242, 16, 325, 11, 1, NULL, NULL),
(243, 16, 20, 9, 1, NULL, NULL),
(244, 17, 20, 9, 1, NULL, NULL),
(245, 17, 110, 11, 1, NULL, NULL),
(246, 17, 315, 11, 1, NULL, NULL),
(247, 17, 29, 5, 1, NULL, NULL),
(248, 17, 61, 2, 1, NULL, NULL),
(249, 17, 35, 7, 1, NULL, NULL),
(250, 17, 199, 11, 1, NULL, NULL),
(251, 17, 258, 6, 1, NULL, NULL),
(252, 17, 175, 2, 1, NULL, NULL),
(253, 17, 106, 11, 1, NULL, NULL),
(254, 17, 105, 3, 1, NULL, NULL),
(255, 17, 320, 11, 1, NULL, NULL),
(256, 17, 274, 7, 1, NULL, NULL),
(257, 17, 313, 11, 1, NULL, NULL),
(258, 17, 205, 5, 1, NULL, NULL),
(259, 17, 75, 8, 1, NULL, NULL),
(260, 17, 43, 7, 1, NULL, NULL),
(261, 17, 127, 5, 1, NULL, NULL),
(262, 17, 123, 6, 1, NULL, NULL),
(263, 17, 311, 11, 1, NULL, NULL),
(264, 17, 109, 6, 1, NULL, NULL),
(265, 17, 128, 1, 1, NULL, NULL),
(266, 17, 51, 3, 1, NULL, NULL),
(267, 17, 179, 6, 1, NULL, NULL),
(268, 17, 185, 11, 1, NULL, NULL),
(269, 17, 50, 5, 1, NULL, NULL),
(270, 18, 325, 11, 1, NULL, NULL),
(271, 18, 79, 6, 1, NULL, NULL),
(272, 18, 43, 7, 1, NULL, NULL),
(273, 18, 110, 11, 1, NULL, NULL),
(274, 18, 75, 8, 1, NULL, NULL),
(275, 18, 299, 5, 1, NULL, NULL),
(276, 18, 10, 1, 1, NULL, NULL),
(277, 18, 61, 2, 1, NULL, NULL),
(278, 18, 205, 5, 1, NULL, NULL),
(279, 18, 35, 7, 1, NULL, NULL),
(280, 18, 252, 7, 1, NULL, NULL),
(281, 18, 129, 11, 1, NULL, NULL),
(282, 18, 322, 11, 1, NULL, NULL),
(283, 18, 179, 6, 1, NULL, NULL),
(284, 18, 14, 6, 1, NULL, NULL),
(285, 18, 175, 2, 1, NULL, NULL),
(286, 18, 105, 3, 1, NULL, NULL),
(287, 18, 34, 8, 1, NULL, NULL),
(288, 18, 31, 9, 1, NULL, NULL),
(289, 18, 313, 11, 1, NULL, NULL),
(290, 18, 108, 4, 1, NULL, NULL),
(291, 18, 20, 9, 1, NULL, NULL),
(292, 18, 258, 6, 1, NULL, NULL),
(293, 18, 16, 5, 1, NULL, NULL),
(294, 18, 238, 11, 1, NULL, NULL),
(295, 18, 29, 5, 1, NULL, NULL),
(296, 18, 49, 8, 1, NULL, NULL),
(297, 18, 203, 6, 1, NULL, NULL),
(298, 18, 176, 11, 1, NULL, NULL),
(299, 19, 258, 6, 1, NULL, NULL),
(300, 19, 20, 9, 1, NULL, NULL),
(301, 19, 29, 5, 1, NULL, NULL),
(302, 19, 34, 8, 1, NULL, NULL),
(303, 19, 110, 11, 1, NULL, NULL),
(304, 19, 61, 2, 1, NULL, NULL),
(305, 19, 96, 3, 1, NULL, NULL),
(306, 19, 312, 11, 1, NULL, NULL),
(307, 19, 108, 4, 1, NULL, NULL),
(308, 19, 205, 5, 1, NULL, NULL),
(309, 19, 129, 11, 1, NULL, NULL),
(310, 19, 313, 11, 1, NULL, NULL),
(311, 19, 79, 6, 1, NULL, NULL),
(312, 19, 58, 2, 1, NULL, NULL),
(313, 19, 10, 1, 1, NULL, NULL),
(314, 19, 311, 11, 1, NULL, NULL),
(315, 19, 318, 11, 1, NULL, NULL),
(316, 19, 175, 2, 1, NULL, NULL),
(317, 19, 100, 7, 1, NULL, NULL),
(318, 19, 53, 4, 1, NULL, NULL),
(319, 19, 104, 5, 1, NULL, NULL),
(320, 19, 109, 6, 1, NULL, NULL),
(321, 19, 123, 6, 1, NULL, NULL),
(322, 19, 299, 5, 1, NULL, NULL),
(323, 19, 105, 3, 1, NULL, NULL),
(324, 19, 326, 11, 1, NULL, NULL),
(325, 19, 97, 8, 1, NULL, NULL),
(326, 19, 185, 11, 1, NULL, NULL),
(327, 19, 179, 6, 1, NULL, NULL),
(328, 19, 107, 6, 1, NULL, NULL),
(329, 19, 218, 11, 1, NULL, NULL),
(330, 19, 252, 7, 1, NULL, NULL),
(331, 19, 325, 11, 1, NULL, NULL),
(332, 19, 274, 7, 1, NULL, NULL),
(333, 19, 209, 1, 1, NULL, NULL),
(334, 19, 76, 1, 1, NULL, NULL),
(335, 20, 116, 5, 1, NULL, NULL),
(336, 20, 252, 7, 1, NULL, NULL),
(337, 20, 29, 5, 1, NULL, NULL),
(338, 20, 100, 7, 1, NULL, NULL),
(339, 20, 92, 2, 1, NULL, NULL),
(340, 20, 20, 9, 1, NULL, NULL),
(341, 20, 79, 6, 1, NULL, NULL),
(342, 20, 179, 6, 1, NULL, NULL),
(343, 20, 76, 1, 1, NULL, NULL),
(344, 20, 258, 6, 1, NULL, NULL),
(345, 20, 14, 6, 1, NULL, NULL),
(346, 20, 312, 11, 1, NULL, NULL),
(347, 20, 75, 8, 1, NULL, NULL),
(348, 20, 311, 11, 1, NULL, NULL),
(349, 20, 129, 11, 1, NULL, NULL),
(350, 20, 185, 11, 1, NULL, NULL),
(351, 20, 96, 3, 1, NULL, NULL),
(352, 20, 97, 8, 1, NULL, NULL),
(353, 20, 205, 5, 1, NULL, NULL),
(354, 20, 110, 11, 1, NULL, NULL),
(355, 20, 64, 3, 1, NULL, NULL),
(356, 20, 34, 8, 1, NULL, NULL),
(357, 20, 109, 6, 1, NULL, NULL),
(358, 20, 313, 11, 1, NULL, NULL),
(359, 20, 175, 2, 1, NULL, NULL),
(360, 20, 89, 6, 1, NULL, NULL),
(361, 20, 51, 3, 1, NULL, NULL),
(362, 20, 274, 7, 1, NULL, NULL),
(363, 20, 122, 2, 1, NULL, NULL),
(365, 20, 164, 11, 1, NULL, NULL),
(366, 20, 35, 7, 1, NULL, NULL),
(367, 21, 70, 8, 1, NULL, NULL),
(368, 21, 14, 6, 1, NULL, NULL),
(369, 21, 187, 7, 1, NULL, NULL),
(370, 21, 33, 9, 1, NULL, NULL),
(371, 21, 252, 7, 1, NULL, NULL),
(372, 21, 96, 3, 1, NULL, NULL),
(373, 21, 129, 11, 1, NULL, NULL),
(374, 21, 75, 8, 1, NULL, NULL),
(375, 21, 76, 1, 1, NULL, NULL),
(376, 21, 109, 6, 1, NULL, NULL),
(377, 21, 79, 6, 1, NULL, NULL),
(378, 21, 105, 3, 1, NULL, NULL),
(379, 21, 203, 6, 1, NULL, NULL),
(380, 21, 176, 11, 1, NULL, NULL),
(381, 21, 124, 4, 1, NULL, NULL),
(382, 21, 274, 7, 1, NULL, NULL),
(383, 21, 49, 8, 1, NULL, NULL),
(384, 21, 123, 6, 1, NULL, NULL),
(385, 21, 311, 11, 1, NULL, NULL),
(386, 21, 179, 6, 1, NULL, NULL),
(387, 21, 100, 7, 1, NULL, NULL),
(388, 21, 42, 3, 1, NULL, NULL),
(389, 21, 51, 3, 1, NULL, NULL),
(390, 21, 175, 2, 1, NULL, NULL),
(391, 21, 310, 11, 1, NULL, NULL),
(392, 21, 35, 7, 1, NULL, NULL),
(393, 21, 312, 11, 1, NULL, NULL),
(394, 21, 34, 8, 1, NULL, NULL),
(395, 21, 127, 5, 1, NULL, NULL),
(396, 21, 110, 11, 1, NULL, NULL),
(397, 21, 29, 5, 1, NULL, NULL),
(398, 21, 20, 9, 1, NULL, NULL),
(399, 21, 258, 6, 1, NULL, NULL),
(400, 21, 89, 6, 1, NULL, NULL),
(401, 21, 53, 4, 1, NULL, NULL),
(402, 21, 107, 6, 1, NULL, NULL),
(403, 21, 10, 1, 1, NULL, NULL),
(404, 21, 320, 11, 1, NULL, NULL),
(405, 21, 313, 11, 1, NULL, NULL),
(406, 21, 122, 2, 1, NULL, NULL),
(407, 21, 71, 1, 1, NULL, NULL),
(408, 21, 315, 11, 1, NULL, NULL),
(409, 21, 72, 7, 1, NULL, NULL),
(410, 21, 63, 11, 1, NULL, NULL),
(411, 21, 104, 5, 1, NULL, NULL),
(412, 21, 64, 3, 1, NULL, NULL),
(413, 21, 283, 8, 1, NULL, NULL),
(414, 21, 128, 1, 1, NULL, NULL),
(415, 21, 325, 11, 1, NULL, NULL),
(416, 19, 64, 3, 1, NULL, NULL),
(417, 18, 64, 3, 1, NULL, NULL),
(418, 22, 258, 6, 1, NULL, NULL),
(419, 22, 20, 9, 1, NULL, NULL),
(420, 22, 89, 6, 1, NULL, NULL),
(421, 22, 34, 8, 1, NULL, NULL),
(422, 22, 129, 11, 1, NULL, NULL),
(423, 22, 96, 3, 1, NULL, NULL),
(424, 22, 97, 8, 1, NULL, NULL),
(425, 22, 123, 6, 1, NULL, NULL),
(426, 22, 110, 11, 1, NULL, NULL),
(427, 22, 76, 1, 1, NULL, NULL),
(428, 22, 185, 11, 1, NULL, NULL),
(429, 22, 42, 3, 1, NULL, NULL),
(430, 22, 109, 6, 1, NULL, NULL),
(431, 22, 325, 11, 1, NULL, NULL),
(432, 22, 104, 5, 1, NULL, NULL),
(433, 22, 179, 6, 1, NULL, NULL),
(434, 22, 116, 5, 1, NULL, NULL),
(435, 22, 170, 5, 1, NULL, NULL),
(436, 22, 276, 11, 1, NULL, NULL),
(437, 22, 51, 3, 1, NULL, NULL),
(438, 22, 29, 5, 1, NULL, NULL),
(439, 22, 127, 5, 1, NULL, NULL),
(440, 22, 100, 7, 1, NULL, NULL),
(441, 22, 52, 6, 1, NULL, NULL),
(442, 22, 315, 11, 1, NULL, NULL),
(443, 22, 312, 11, 1, NULL, NULL),
(444, 22, 310, 11, 1, NULL, NULL),
(445, 22, 274, 7, 1, NULL, NULL),
(446, 22, 14, 6, 1, NULL, NULL),
(447, 22, 205, 5, 1, NULL, NULL),
(448, 22, 58, 2, 1, NULL, NULL),
(449, 22, 252, 7, 1, NULL, NULL),
(450, 22, 145, 7, 1, NULL, NULL),
(451, 22, 326, 11, 1, NULL, NULL),
(452, 22, 328, 11, 1, NULL, NULL),
(453, 22, 283, 8, 1, NULL, NULL),
(454, 23, 122, 2, 1, NULL, NULL),
(455, 23, 179, 6, 1, NULL, NULL),
(456, 23, 203, 6, 1, NULL, NULL),
(457, 23, 176, 11, 1, NULL, NULL),
(458, 23, 49, 8, 1, NULL, NULL),
(459, 23, 14, 6, 1, NULL, NULL),
(460, 23, 96, 3, 1, NULL, NULL),
(461, 23, 312, 11, 1, NULL, NULL),
(462, 23, 42, 3, 1, NULL, NULL),
(463, 23, 300, 2, 1, NULL, NULL),
(464, 23, 325, 11, 1, NULL, NULL),
(465, 23, 16, 5, 1, NULL, NULL),
(466, 23, 10, 1, 1, NULL, NULL),
(468, 23, 43, 7, 1, NULL, NULL),
(469, 23, 110, 11, 1, NULL, NULL),
(470, 23, 104, 5, 1, NULL, NULL),
(471, 23, 29, 5, 1, NULL, NULL),
(472, 23, 53, 4, 1, NULL, NULL),
(473, 23, 313, 11, 1, NULL, NULL),
(474, 23, 185, 11, 1, NULL, NULL),
(475, 23, 63, 11, 1, NULL, NULL),
(476, 23, 100, 7, 1, NULL, NULL),
(477, 23, 33, 9, 1, NULL, NULL),
(478, 23, 79, 6, 1, NULL, NULL),
(479, 23, 92, 2, 1, NULL, NULL),
(480, 23, 35, 7, 1, NULL, NULL),
(481, 23, 175, 2, 1, NULL, NULL),
(482, 23, 316, 11, 1, NULL, NULL),
(483, 23, 316, 11, 1, NULL, NULL),
(484, 23, 317, 11, 1, NULL, NULL),
(485, 23, 64, 3, 1, NULL, NULL),
(486, 23, 205, 5, 1, NULL, NULL),
(487, 23, 315, 11, 1, NULL, NULL),
(488, 23, 258, 6, 1, NULL, NULL),
(489, 23, 20, 9, 1, NULL, NULL),
(490, 23, 89, 6, 1, NULL, NULL),
(491, 23, 97, 8, 1, NULL, NULL),
(492, 23, 276, 11, 1, NULL, NULL),
(493, 23, 327, 11, 1, NULL, NULL),
(494, 23, 75, 8, 1, NULL, NULL),
(495, 23, 82, 8, 1, NULL, NULL),
(496, 23, 274, 7, 1, NULL, NULL),
(499, 23, 72, 7, 1, NULL, NULL),
(500, 23, 109, 6, 1, NULL, NULL),
(501, 24, 107, 6, 1, NULL, NULL),
(502, 24, 76, 1, 1, NULL, NULL),
(503, 24, 35, 7, 1, NULL, NULL),
(504, 24, 53, 4, 1, NULL, NULL),
(505, 24, 96, 3, 1, NULL, NULL),
(506, 24, 75, 8, 1, NULL, NULL),
(507, 24, 310, 11, 1, NULL, NULL),
(508, 24, 109, 6, 1, NULL, NULL),
(509, 24, 129, 11, 1, NULL, NULL),
(510, 24, 203, 6, 1, NULL, NULL),
(511, 24, 176, 11, 1, NULL, NULL),
(512, 24, 47, 2, 1, NULL, NULL),
(513, 24, 89, 6, 1, NULL, NULL),
(514, 24, 29, 5, 1, NULL, NULL),
(515, 24, 110, 11, 1, NULL, NULL),
(516, 24, 16, 5, 1, NULL, NULL),
(517, 24, 258, 6, 1, NULL, NULL),
(518, 24, 104, 5, 1, NULL, NULL),
(519, 24, 205, 5, 1, NULL, NULL),
(520, 24, 276, 11, 1, NULL, NULL),
(521, 24, 130, 1, 1, NULL, NULL),
(522, 24, 49, 8, 1, NULL, NULL),
(523, 24, 179, 6, 1, NULL, NULL),
(524, 24, 108, 4, 1, NULL, NULL),
(525, 24, 274, 7, 1, NULL, NULL),
(526, 24, 34, 8, 1, NULL, NULL),
(527, 24, 97, 8, 1, NULL, NULL),
(528, 24, 31, 9, 1, NULL, NULL),
(529, 24, 246, 2, 1, NULL, NULL),
(530, 24, 315, 11, 1, NULL, NULL),
(531, 24, 252, 7, 1, NULL, NULL),
(533, 24, 300, 2, 1, NULL, NULL),
(534, 24, 20, 9, 1, NULL, NULL),
(535, 24, 42, 3, 1, NULL, NULL),
(536, 24, 185, 11, 1, NULL, NULL),
(537, 24, 82, 8, 1, NULL, NULL),
(538, 24, 316, 11, 1, NULL, NULL),
(539, 24, 100, 7, 1, NULL, NULL),
(540, 24, 122, 2, 1, NULL, NULL),
(541, 24, 243, 3, 1, NULL, NULL),
(542, 24, 64, 3, 1, NULL, NULL),
(543, 25, 64, 3, 1, NULL, NULL),
(544, 25, 52, 6, 1, NULL, NULL),
(545, 25, 76, 1, 1, NULL, NULL),
(546, 25, 58, 2, 1, NULL, NULL),
(547, 25, 53, 4, 1, NULL, NULL),
(548, 25, 33, 9, 1, NULL, NULL),
(549, 25, 122, 2, 1, NULL, NULL),
(550, 25, 42, 3, 1, NULL, NULL),
(551, 25, 43, 7, 1, NULL, NULL),
(552, 25, 63, 11, 1, NULL, NULL),
(553, 25, 100, 7, 1, NULL, NULL),
(554, 25, 106, 11, 1, NULL, NULL),
(555, 25, 308, 9, 1, NULL, NULL),
(556, 25, 179, 6, 1, NULL, NULL),
(557, 25, 104, 5, 1, NULL, NULL),
(558, 25, 109, 6, 1, NULL, NULL),
(559, 25, 51, 3, 1, NULL, NULL),
(560, 25, 35, 7, 1, NULL, NULL),
(561, 25, 29, 5, 1, NULL, NULL),
(562, 25, 34, 8, 1, NULL, NULL),
(563, 25, 110, 11, 1, NULL, NULL),
(564, 25, 96, 3, 1, NULL, NULL),
(565, 25, 312, 11, 1, NULL, NULL),
(566, 25, 97, 8, 1, NULL, NULL),
(567, 25, 61, 2, 1, NULL, NULL),
(568, 25, 327, 11, 1, NULL, NULL),
(569, 25, 316, 4, 1, NULL, NULL),
(570, 25, 333, 11, 1, NULL, NULL),
(571, 25, 276, 2, 1, NULL, NULL),
(572, 25, 252, 7, 1, NULL, NULL),
(573, 25, 16, 5, 1, NULL, NULL),
(574, 25, 129, 11, 1, NULL, NULL),
(575, 25, 315, 11, 1, NULL, NULL),
(576, 23, 283, 8, 1, NULL, NULL),
(577, 26, 238, 11, 1, NULL, NULL),
(578, 26, 311, 11, 1, NULL, NULL),
(579, 26, 101, 3, 1, NULL, NULL),
(580, 26, 313, 11, 1, NULL, NULL),
(581, 26, 53, 4, 1, NULL, NULL),
(582, 26, 42, 3, 1, NULL, NULL),
(583, 26, 51, 3, 1, NULL, NULL),
(584, 26, 75, 8, 1, NULL, NULL),
(585, 26, 104, 5, 1, NULL, NULL),
(586, 26, 20, 9, 1, NULL, NULL),
(587, 26, 123, 6, 1, NULL, NULL),
(588, 26, 49, 8, 1, NULL, NULL),
(589, 26, 107, 6, 1, NULL, NULL),
(590, 26, 129, 11, 1, NULL, NULL),
(591, 26, 63, 11, 1, NULL, NULL),
(592, 26, 61, 2, 1, NULL, NULL),
(593, 26, 274, 7, 1, NULL, NULL),
(594, 26, 127, 5, 1, NULL, NULL),
(595, 26, 327, 11, 1, NULL, NULL),
(596, 26, 108, 4, 1, NULL, NULL),
(597, 26, 10, 1, 1, NULL, NULL),
(598, 26, 258, 6, 1, NULL, NULL),
(599, 26, 35, 7, 1, NULL, NULL),
(600, 26, 79, 6, 1, NULL, NULL),
(601, 26, 203, 6, 1, NULL, NULL),
(602, 26, 176, 11, 1, NULL, NULL),
(603, 26, 58, 2, 1, NULL, NULL),
(604, 26, 64, 3, 1, NULL, NULL),
(605, 26, 34, 8, 1, NULL, NULL),
(606, 26, 252, 7, 1, NULL, NULL),
(607, 26, 334, 11, 1, NULL, NULL),
(608, 26, 92, 2, 1, NULL, NULL),
(609, 26, 175, 2, 1, NULL, NULL),
(610, 26, 14, 6, 1, NULL, NULL),
(611, 26, 76, 1, 1, NULL, NULL),
(612, 26, 96, 3, 1, NULL, NULL),
(613, 26, 97, 8, 1, NULL, NULL),
(614, 26, 312, 11, 1, NULL, NULL),
(615, 26, 89, 6, 1, NULL, NULL),
(616, 26, 276, 2, 1, NULL, NULL),
(617, 26, 179, 6, 1, NULL, NULL),
(618, 26, 109, 6, 1, NULL, NULL),
(619, 26, 300, 2, 1, NULL, NULL),
(620, 26, 100, 7, 1, NULL, NULL),
(621, 26, 315, 11, 1, NULL, NULL),
(622, 26, 218, 11, 1, NULL, NULL),
(623, 27, 96, 3, 1, NULL, NULL),
(624, 27, 312, 11, 1, NULL, NULL),
(625, 27, 34, 8, 1, NULL, NULL),
(626, 27, 97, 8, 1, NULL, NULL),
(627, 27, 14, 6, 1, NULL, NULL),
(628, 27, 64, 3, 1, NULL, NULL),
(629, 27, 58, 2, 1, NULL, NULL),
(630, 27, 53, 4, 1, NULL, NULL),
(631, 27, 76, 1, 1, NULL, NULL),
(632, 27, 325, 11, 1, NULL, NULL),
(633, 27, 104, 5, 1, NULL, NULL),
(634, 27, 33, 9, 1, NULL, NULL),
(635, 27, 274, 7, 1, NULL, NULL),
(636, 27, 123, 6, 1, NULL, NULL),
(637, 27, 110, 11, 1, NULL, NULL),
(638, 27, 100, 7, 1, NULL, NULL),
(639, 27, 20, 9, 1, NULL, NULL),
(640, 27, 10, 1, 1, NULL, NULL),
(641, 27, 89, 6, 1, NULL, NULL),
(642, 27, 258, 6, 1, NULL, NULL),
(643, 27, 327, 11, 1, NULL, NULL),
(644, 27, 101, 3, 1, NULL, NULL),
(645, 27, 276, 2, 1, NULL, NULL),
(646, 27, 63, 11, 1, NULL, NULL),
(647, 27, 246, 2, 1, NULL, NULL),
(648, 27, 16, 5, 1, NULL, NULL),
(649, 27, 129, 1, 1, NULL, NULL),
(650, 27, 347, 11, 1, NULL, NULL),
(651, 27, 343, 11, 1, NULL, NULL),
(652, 27, 336, 11, 1, NULL, NULL),
(653, 27, 337, 11, 1, NULL, NULL),
(654, 27, 337, 11, 1, NULL, NULL),
(655, 27, 341, 11, 1, NULL, NULL),
(656, 27, 348, 11, 1, NULL, NULL),
(657, 27, 340, 11, 1, NULL, NULL),
(658, 27, 346, 11, 1, NULL, NULL),
(659, 27, 344, 11, 1, NULL, NULL),
(660, 27, 349, 11, 1, NULL, NULL),
(661, 27, 32, 8, 1, NULL, NULL),
(662, 27, 136, 3, 1, NULL, NULL),
(663, 27, 108, 4, 1, NULL, NULL),
(664, 27, 29, 5, 1, NULL, NULL),
(665, 27, 109, 6, 1, NULL, NULL),
(666, 27, 130, 1, 1, NULL, NULL),
(667, 27, 71, 1, 1, NULL, NULL),
(668, 27, 35, 7, 1, NULL, NULL),
(669, 27, 72, 7, 1, NULL, NULL),
(670, 28, 14, 6, 1, NULL, NULL),
(671, 28, 313, 11, 1, NULL, NULL),
(672, 28, 33, 9, 1, NULL, NULL),
(673, 28, 128, 1, 1, NULL, NULL),
(674, 28, 29, 5, 1, NULL, NULL),
(675, 28, 274, 7, 1, NULL, NULL),
(676, 28, 53, 4, 1, NULL, NULL),
(677, 28, 312, 11, 1, NULL, NULL),
(678, 28, 102, 9, 1, NULL, NULL),
(679, 28, 63, 11, 1, NULL, NULL),
(680, 28, 104, 5, 1, NULL, NULL),
(681, 28, 96, 3, 1, NULL, NULL),
(682, 28, 110, 11, 1, NULL, NULL),
(683, 28, 71, 1, 1, NULL, NULL),
(684, 28, 327, 11, 1, NULL, NULL),
(685, 28, 34, 8, 1, NULL, NULL),
(686, 28, 61, 2, 1, NULL, NULL),
(687, 28, 97, 8, 1, NULL, NULL),
(688, 28, 79, 6, 1, NULL, NULL),
(689, 28, 309, 11, 1, NULL, NULL),
(690, 28, 75, 8, 1, NULL, NULL),
(691, 28, 109, 6, 1, NULL, NULL),
(692, 28, 252, 7, 1, NULL, NULL),
(693, 28, 325, 11, 1, NULL, NULL),
(694, 28, 351, 11, 1, NULL, NULL),
(695, 28, 349, 11, 1, NULL, NULL),
(696, 28, 346, 11, 1, NULL, NULL),
(697, 29, 84, 1, 1, NULL, NULL),
(698, 29, 64, 3, 1, NULL, NULL),
(699, 29, 61, 2, 1, NULL, NULL),
(700, 29, 313, 11, 1, NULL, NULL),
(701, 29, 104, 5, 1, NULL, NULL),
(702, 29, 53, 4, 1, NULL, NULL),
(703, 29, 34, 8, 1, NULL, NULL),
(704, 29, 107, 6, 1, NULL, NULL),
(705, 29, 218, 11, 1, NULL, NULL),
(706, 29, 311, 11, 1, NULL, NULL),
(707, 29, 123, 6, 1, NULL, NULL),
(708, 29, 18, 11, 1, NULL, NULL),
(709, 29, 43, 7, 1, NULL, NULL),
(710, 29, 49, 8, 1, NULL, NULL),
(711, 29, 16, 5, 1, NULL, NULL),
(712, 29, 106, 11, 1, NULL, NULL),
(713, 29, 127, 5, 1, NULL, NULL),
(714, 29, 102, 9, 1, NULL, NULL),
(715, 29, 170, 5, 1, NULL, NULL),
(716, 29, 79, 6, 1, NULL, NULL),
(717, 29, 109, 6, 1, NULL, NULL),
(718, 29, 283, 8, 1, NULL, NULL),
(719, 29, 327, 11, 1, NULL, NULL),
(720, 29, 174, 1, 1, NULL, NULL),
(721, 29, 71, 1, 1, NULL, NULL),
(722, 29, 100, 7, 1, NULL, NULL),
(723, 29, 76, 1, 1, NULL, NULL),
(724, 29, 14, 6, 1, NULL, NULL),
(725, 29, 35, 7, 1, NULL, NULL),
(726, 29, 58, 2, 1, NULL, NULL),
(727, 29, 58, 2, 1, NULL, NULL),
(728, 29, 29, 5, 1, NULL, NULL),
(729, 29, 252, 7, 1, NULL, NULL),
(730, 29, 129, 1, 1, NULL, NULL),
(731, 29, 129, 1, 1, NULL, NULL),
(732, 30, 14, 6, 1, NULL, NULL),
(733, 30, 53, 4, 1, NULL, NULL),
(734, 30, 313, 11, 1, NULL, NULL),
(735, 30, 96, 3, 1, NULL, NULL),
(736, 30, 97, 8, 1, NULL, NULL),
(737, 30, 312, 11, 1, NULL, NULL),
(738, 30, 129, 1, 1, NULL, NULL),
(739, 30, 79, 6, 1, NULL, NULL),
(740, 30, 274, 7, 1, NULL, NULL),
(741, 30, 29, 5, 1, NULL, NULL),
(742, 30, 64, 3, 1, NULL, NULL),
(743, 30, 258, 6, 1, NULL, NULL),
(744, 30, 205, 5, 1, NULL, NULL),
(745, 30, 20, 9, 1, NULL, NULL),
(746, 30, 89, 6, 1, NULL, NULL),
(747, 30, 34, 8, 1, NULL, NULL),
(748, 30, 179, 6, 1, NULL, NULL),
(749, 30, 325, 11, 1, NULL, NULL),
(750, 30, 84, 1, 1, NULL, NULL),
(751, 30, 174, 1, 1, NULL, NULL),
(752, 30, 107, 6, 1, NULL, NULL),
(753, 30, 218, 11, 1, NULL, NULL),
(754, 30, 100, 7, 1, NULL, NULL),
(755, 30, 327, 11, 1, NULL, NULL),
(756, 30, 276, 2, 1, NULL, NULL),
(757, 30, 176, 11, 1, NULL, NULL),
(758, 30, 49, 8, 1, NULL, NULL),
(759, 30, 175, 2, 1, NULL, NULL),
(760, 30, 35, 7, 1, NULL, NULL),
(761, 30, 233, 2, 1, NULL, NULL),
(762, 30, 109, 6, 1, NULL, NULL),
(763, 30, 33, 9, 1, NULL, NULL),
(764, 30, 309, 11, 1, NULL, NULL),
(765, 30, 47, 2, 1, NULL, NULL),
(766, 30, 346, 11, 1, NULL, NULL),
(767, 30, 72, 7, 1, NULL, NULL),
(768, 30, 355, 11, 1, NULL, NULL),
(769, 30, 356, 11, 1, NULL, NULL),
(770, 30, 357, 11, 1, NULL, NULL),
(771, 30, 51, 3, 1, NULL, NULL),
(772, 30, 339, 11, 1, NULL, NULL),
(773, 30, 254, 11, 1, NULL, NULL),
(774, 30, 335, 11, 1, NULL, NULL),
(775, 30, 71, 1, 1, NULL, NULL),
(776, 31, 100, 7, 1, NULL, NULL),
(777, 31, 42, 3, 1, NULL, NULL),
(778, 31, 243, 3, 1, NULL, NULL),
(779, 31, 43, 7, 1, NULL, NULL),
(780, 31, 127, 5, 1, NULL, NULL),
(781, 31, 97, 8, 1, NULL, NULL),
(782, 31, 76, 1, 1, NULL, NULL),
(783, 31, 75, 8, 1, NULL, NULL),
(784, 31, 33, 9, 1, NULL, NULL),
(785, 31, 327, 11, 1, NULL, NULL),
(786, 31, 34, 8, 1, NULL, NULL),
(787, 31, 29, 5, 1, NULL, NULL),
(788, 31, 51, 3, 1, NULL, NULL),
(789, 31, 361, 11, 1, NULL, NULL),
(790, 31, 312, 6, 1, NULL, NULL),
(791, 31, 358, 6, 1, NULL, NULL),
(792, 31, 71, 1, 1, NULL, NULL),
(793, 31, 108, 4, 1, NULL, NULL),
(794, 31, 109, 6, 1, NULL, NULL),
(795, 31, 313, 11, 1, NULL, NULL),
(796, 31, 18, 11, 1, NULL, NULL),
(797, 31, 179, 6, 1, NULL, NULL),
(798, 31, 309, 11, 1, NULL, NULL),
(799, 31, 362, 11, 1, NULL, NULL),
(800, 31, 252, 7, 1, NULL, NULL),
(801, 31, 274, 7, 1, NULL, NULL),
(802, 31, 357, 11, 1, NULL, NULL),
(803, 31, 355, 11, 1, NULL, NULL),
(804, 31, 356, 11, 1, NULL, NULL),
(805, 31, 348, 11, 1, NULL, NULL),
(806, 31, 276, 2, 1, NULL, NULL),
(807, 30, 252, 7, 1, NULL, NULL),
(808, 31, 104, 5, 1, NULL, NULL),
(809, 32, 75, 8, 1, NULL, NULL),
(810, 32, 14, 6, 1, NULL, NULL),
(811, 32, 100, 7, 1, NULL, NULL),
(812, 32, 64, 3, 1, NULL, NULL),
(813, 32, 104, 5, 1, NULL, NULL),
(814, 32, 252, 7, 1, NULL, NULL),
(815, 32, 311, 11, 1, NULL, NULL),
(816, 32, 53, 4, 1, NULL, NULL),
(817, 32, 313, 11, 1, NULL, NULL),
(818, 32, 76, 1, 1, NULL, NULL),
(819, 32, 355, 11, 1, NULL, NULL),
(820, 32, 357, 11, 1, NULL, NULL),
(821, 32, 315, 11, 1, NULL, NULL),
(822, 32, 327, 4, 1, NULL, NULL),
(823, 32, 176, 11, 1, NULL, NULL),
(824, 32, 203, 6, 1, NULL, NULL),
(825, 32, 49, 8, 1, NULL, NULL),
(826, 32, 107, 6, 1, NULL, NULL),
(827, 32, 11, 11, 1, NULL, NULL),
(828, 32, 205, 5, 1, NULL, NULL),
(829, 32, 79, 6, 1, NULL, NULL),
(830, 32, 51, 3, 1, NULL, NULL),
(831, 32, 258, 6, 1, NULL, NULL),
(832, 32, 29, 5, 1, NULL, NULL),
(833, 32, 33, 9, 1, NULL, NULL),
(834, 32, 276, 2, 1, NULL, NULL),
(835, 32, 52, 6, 1, NULL, NULL),
(836, 32, 309, 11, 1, NULL, NULL),
(837, 32, 175, 2, 1, NULL, NULL),
(838, 32, 36, 7, 1, NULL, NULL),
(839, 32, 155, 7, 1, NULL, NULL),
(840, 32, 89, 6, 1, NULL, NULL),
(841, 32, 367, 11, 1, NULL, NULL),
(842, 32, 96, 3, 1, NULL, NULL),
(843, 32, 97, 8, 1, NULL, NULL),
(844, 32, 341, 11, 1, NULL, NULL),
(845, 32, 336, 11, 1, NULL, NULL),
(846, 32, 356, 11, 1, NULL, NULL),
(847, 32, 116, 5, 1, NULL, NULL),
(848, 32, 179, 6, 1, NULL, NULL),
(849, 32, 84, 1, 1, NULL, NULL),
(850, 32, 174, 1, 1, NULL, NULL),
(851, 32, 129, 1, 1, NULL, NULL),
(852, 32, 61, 2, 1, NULL, NULL),
(853, 32, 170, 5, 1, NULL, NULL),
(854, 33, 104, 5, 1, NULL, NULL),
(855, 33, 100, 7, 1, NULL, NULL),
(856, 33, 64, 3, 1, NULL, NULL),
(857, 33, 70, 8, 1, NULL, NULL),
(858, 33, 76, 1, 1, NULL, NULL),
(859, 33, 283, 8, 1, NULL, NULL),
(860, 33, 116, 5, 1, NULL, NULL),
(861, 33, 61, 2, 1, NULL, NULL),
(863, 33, 358, 6, 1, NULL, NULL),
(864, 33, 75, 8, 1, NULL, NULL),
(865, 33, 315, 11, 1, NULL, NULL),
(866, 33, 22, 6, 1, NULL, NULL),
(867, 33, 29, 5, 1, NULL, NULL),
(868, 33, 31, 9, 1, NULL, NULL),
(869, 33, 108, 4, 1, NULL, NULL),
(870, 33, 105, 3, 1, NULL, NULL),
(871, 33, 276, 2, 1, NULL, NULL),
(872, 33, 47, 2, 1, NULL, NULL),
(873, 33, 333, 11, 1, NULL, NULL),
(874, 33, 58, 2, 1, NULL, NULL),
(875, 33, 33, 9, 1, NULL, NULL),
(876, 33, 109, 6, 1, NULL, NULL),
(877, 33, 96, 3, 1, NULL, NULL),
(878, 33, 97, 8, 1, NULL, NULL),
(879, 33, 129, 1, 1, NULL, NULL),
(880, 33, 309, 11, 1, NULL, NULL),
(881, 33, 326, 11, 1, NULL, NULL),
(882, 33, 205, 5, 1, NULL, NULL),
(883, 33, 84, 1, 1, NULL, NULL),
(884, 33, 16, 5, 1, NULL, NULL),
(885, 33, 355, 11, 1, NULL, NULL),
(886, 33, 346, 11, 1, NULL, NULL),
(887, 33, 357, 11, 1, NULL, NULL),
(888, 33, 356, 11, 1, NULL, NULL),
(889, 33, 299, 5, 1, NULL, NULL),
(890, 33, 170, 11, 1, NULL, NULL),
(891, 33, 89, 6, 1, NULL, NULL),
(892, 33, 312, 6, 1, NULL, NULL),
(893, 33, 258, 6, 1, NULL, NULL),
(894, 33, 128, 1, 1, NULL, NULL),
(895, 33, 155, 7, 1, NULL, NULL),
(896, 33, 371, 11, 1, NULL, NULL),
(897, 33, 130, 1, 1, NULL, NULL),
(898, 33, 174, 1, 1, NULL, NULL),
(899, 33, 79, 6, 1, NULL, NULL),
(900, 33, 374, 11, 1, NULL, NULL),
(901, 33, 53, 4, 1, NULL, NULL),
(902, 33, 327, 4, 1, NULL, NULL),
(903, 33, 380, 11, 1, NULL, NULL),
(904, 34, 58, 2, 1, NULL, NULL),
(905, 34, 18, 11, 1, NULL, NULL),
(906, 34, 33, 9, 1, NULL, NULL),
(907, 34, 327, 4, 1, NULL, NULL),
(908, 34, 109, 6, 1, NULL, NULL),
(909, 34, 64, 3, 1, NULL, NULL),
(910, 34, 100, 7, 1, NULL, NULL),
(911, 34, 318, 11, 1, NULL, NULL),
(912, 34, 22, 6, 1, NULL, NULL),
(913, 34, 358, 6, 1, NULL, NULL),
(914, 34, 76, 1, 1, NULL, NULL),
(915, 34, 283, 8, 1, NULL, NULL),
(916, 34, 14, 6, 1, NULL, NULL),
(917, 34, 70, 8, 1, NULL, NULL),
(918, 34, 105, 3, 1, NULL, NULL),
(919, 34, 246, 2, 1, NULL, NULL),
(920, 34, 238, 11, 1, NULL, NULL),
(921, 34, 346, 11, 1, NULL, NULL),
(922, 34, 355, 11, 1, NULL, NULL),
(923, 34, 89, 6, 1, NULL, NULL),
(924, 34, 79, 6, 1, NULL, NULL),
(925, 34, 258, 6, 1, NULL, NULL),
(926, 34, 205, 5, 1, NULL, NULL),
(927, 34, 47, 2, 1, NULL, NULL),
(928, 34, 348, 11, 1, NULL, NULL),
(929, 34, 349, 11, 1, NULL, NULL),
(930, 34, 42, 3, 1, NULL, NULL),
(931, 24, 22, 6, 1, NULL, NULL),
(932, 24, 326, 11, 1, NULL, NULL),
(933, 24, 218, 11, 1, NULL, NULL),
(934, 24, 313, 11, 1, NULL, NULL),
(935, 24, 37, 8, 1, NULL, NULL),
(936, 24, 312, 6, 1, NULL, NULL),
(937, 24, 283, 8, 1, NULL, NULL),
(938, 24, 175, 2, 1, NULL, NULL),
(939, 35, 64, 3, 1, NULL, NULL),
(940, 35, 313, 11, 1, NULL, NULL),
(941, 35, 53, 4, 1, NULL, NULL),
(942, 35, 312, 6, 1, NULL, NULL),
(943, 35, 96, 3, 1, NULL, NULL),
(944, 35, 341, 11, 1, NULL, NULL),
(945, 35, 76, 1, 1, NULL, NULL),
(946, 35, 58, 2, 1, NULL, NULL),
(947, 35, 42, 3, 1, NULL, NULL),
(948, 35, 104, 5, 1, NULL, NULL),
(949, 35, 29, 5, 1, NULL, NULL),
(950, 35, 100, 7, 1, NULL, NULL),
(951, 35, 70, 8, 1, NULL, NULL),
(952, 35, 33, 9, 1, NULL, NULL),
(953, 35, 203, 6, 1, NULL, NULL),
(954, 35, 49, 8, 1, NULL, NULL),
(955, 35, 176, 11, 1, NULL, NULL),
(956, 35, 246, 2, 1, NULL, NULL),
(957, 35, 276, 2, 1, NULL, NULL),
(958, 35, 258, 6, 1, NULL, NULL),
(959, 35, 349, 11, 1, NULL, NULL),
(960, 35, 346, 11, 1, NULL, NULL),
(961, 35, 355, 11, 1, NULL, NULL),
(962, 35, 315, 11, 1, NULL, NULL),
(963, 35, 374, 11, 1, NULL, NULL),
(964, 35, 22, 6, 1, NULL, NULL),
(965, 35, 252, 7, 1, NULL, NULL),
(966, 35, 16, 5, 1, NULL, NULL),
(967, 35, 174, 1, 1, NULL, NULL),
(968, 35, 97, 8, 1, NULL, NULL),
(969, 35, 358, 6, 1, NULL, NULL),
(970, 35, 327, 4, 1, NULL, NULL),
(971, 35, 130, 1, 1, NULL, NULL),
(972, 35, 89, 6, 1, NULL, NULL),
(973, 35, 164, 11, 1, NULL, NULL),
(974, 35, 318, 11, 1, NULL, NULL),
(975, 35, 274, 7, 1, NULL, NULL),
(976, 35, 122, 2, 1, NULL, NULL),
(977, 35, 79, 6, 1, NULL, NULL),
(978, 37, 71, 1, 1, NULL, NULL),
(979, 37, 53, 4, 1, NULL, NULL),
(980, 37, 104, 5, 1, NULL, NULL),
(981, 37, 313, 11, 1, NULL, NULL),
(982, 37, 70, 8, 1, NULL, NULL),
(983, 37, 64, 3, 1, NULL, NULL),
(984, 37, 205, 5, 1, NULL, NULL),
(985, 37, 89, 6, 1, NULL, NULL),
(986, 37, 75, 8, 1, NULL, NULL),
(987, 37, 84, 1, 1, NULL, NULL),
(988, 37, 129, 1, 1, NULL, NULL),
(989, 37, 258, 6, 1, NULL, NULL),
(990, 37, 276, 2, 1, NULL, NULL),
(991, 37, 16, 5, 1, NULL, NULL),
(992, 37, 315, 11, 1, NULL, NULL),
(993, 37, 327, 4, 1, NULL, NULL),
(994, 37, 72, 7, 1, NULL, NULL),
(995, 37, 100, 7, 1, NULL, NULL),
(996, 37, 99, 1, 1, NULL, NULL),
(997, 37, 76, 1, 1, NULL, NULL),
(998, 37, 61, 2, 1, NULL, NULL),
(999, 37, 107, 6, 1, NULL, NULL),
(1000, 37, 79, 6, 1, NULL, NULL),
(1001, 37, 252, 7, 1, NULL, NULL),
(1002, 37, 20, 9, 1, NULL, NULL),
(1003, 37, 18, 11, 1, NULL, NULL),
(1004, 37, 51, 3, 1, NULL, NULL),
(1005, 37, 82, 8, 1, NULL, NULL),
(1006, 37, 105, 3, 1, NULL, NULL),
(1007, 37, 96, 3, 1, NULL, NULL),
(1008, 37, 97, 8, 1, NULL, NULL),
(1009, 37, 312, 6, 1, NULL, NULL),
(1010, 37, 122, 2, 1, NULL, NULL),
(1011, 37, 311, 11, 1, NULL, NULL),
(1012, 37, 123, 6, 1, NULL, NULL),
(1013, 37, 283, 8, 1, NULL, NULL),
(1014, 37, 109, 6, 1, NULL, NULL),
(1015, 37, 274, 7, 1, NULL, NULL),
(1016, 37, 175, 2, 1, NULL, NULL),
(1017, 37, 58, 2, 1, NULL, NULL),
(1018, 37, 58, 2, 1, NULL, NULL),
(1019, 37, 170, 11, 1, NULL, NULL),
(1020, 37, 318, 11, 1, NULL, NULL),
(1021, 38, 16, 5, 1, NULL, NULL),
(1022, 38, 326, 11, 1, NULL, NULL),
(1023, 38, 105, 3, 1, NULL, NULL),
(1024, 38, 341, 11, 1, NULL, NULL),
(1025, 38, 348, 11, 1, NULL, NULL),
(1026, 38, 109, 6, 1, NULL, NULL),
(1027, 38, 26, 11, 1, NULL, NULL),
(1028, 38, 176, 11, 1, NULL, NULL),
(1029, 38, 49, 8, 1, NULL, NULL),
(1030, 38, 203, 6, 1, NULL, NULL),
(1031, 38, 42, 3, 1, NULL, NULL),
(1032, 38, 64, 3, 1, NULL, NULL),
(1033, 38, 130, 1, 1, NULL, NULL),
(1034, 38, 312, 6, 1, NULL, NULL),
(1035, 38, 79, 6, 1, NULL, NULL),
(1036, 38, 327, 4, 1, NULL, NULL),
(1037, 38, 252, 7, 1, NULL, NULL),
(1038, 38, 116, 5, 1, NULL, NULL),
(1039, 38, 358, 6, 1, NULL, NULL),
(1040, 38, 96, 3, 1, NULL, NULL),
(1041, 38, 97, 8, 1, NULL, NULL),
(1042, 38, 34, 8, 1, NULL, NULL),
(1043, 38, 313, 11, 1, NULL, NULL),
(1044, 38, 53, 4, 1, NULL, NULL),
(1045, 38, 100, 7, 1, NULL, NULL),
(1046, 38, 315, 11, 1, NULL, NULL),
(1047, 38, 33, 9, 1, NULL, NULL),
(1048, 38, 346, 11, 1, NULL, NULL),
(1049, 38, 355, 11, 1, NULL, NULL),
(1050, 38, 276, 2, 1, NULL, NULL),
(1051, 38, 47, 2, 1, NULL, NULL),
(1052, 38, 89, 6, 1, NULL, NULL),
(1053, 38, 20, 9, 1, NULL, NULL),
(1054, 38, 58, 2, 1, NULL, NULL),
(1055, 38, 104, 5, 1, NULL, NULL),
(1056, 38, 70, 8, 1, NULL, NULL),
(1057, 38, 219, 11, 1, NULL, NULL),
(1058, 38, 316, 4, 1, NULL, NULL),
(1059, 38, 384, 9, 1, NULL, NULL),
(1060, 38, 357, 11, 1, NULL, NULL),
(1061, 38, 29, 5, 1, NULL, NULL),
(1062, 38, 246, 2, 1, NULL, NULL),
(1063, 38, 343, 11, 1, NULL, NULL),
(1064, 38, 336, 11, 1, NULL, NULL),
(1065, 38, 171, 11, 1, NULL, NULL),
(1066, 38, 82, 8, 1, NULL, NULL),
(1067, 38, 51, 3, 1, NULL, NULL),
(1068, 38, 241, 11, 1, NULL, NULL),
(1069, 38, 175, 2, 1, NULL, NULL),
(1070, 38, 76, 1, 1, NULL, NULL),
(1071, 38, 123, 6, 1, NULL, NULL),
(1072, 38, 333, 11, 1, NULL, NULL),
(1073, 39, 64, 3, 1, NULL, NULL),
(1074, 39, 70, 8, 1, NULL, NULL),
(1075, 39, 318, 11, 1, NULL, NULL),
(1076, 39, 315, 11, 1, NULL, NULL),
(1077, 39, 274, 7, 1, NULL, NULL),
(1078, 39, 313, 11, 1, NULL, NULL),
(1079, 39, 33, 9, 1, NULL, NULL),
(1080, 39, 29, 5, 1, NULL, NULL),
(1081, 39, 75, 8, 1, NULL, NULL),
(1082, 39, 61, 2, 1, NULL, NULL),
(1083, 39, 34, 8, 1, NULL, NULL),
(1084, 39, 127, 5, 1, NULL, NULL),
(1085, 39, 42, 3, 1, NULL, NULL),
(1086, 39, 175, 2, 1, NULL, NULL),
(1087, 39, 82, 8, 1, NULL, NULL),
(1088, 39, 72, 7, 1, NULL, NULL),
(1089, 39, 79, 6, 1, NULL, NULL),
(1090, 39, 107, 6, 1, NULL, NULL),
(1091, 39, 283, 8, 1, NULL, NULL),
(1092, 39, 170, 11, 1, NULL, NULL),
(1093, 39, 116, 5, 1, NULL, NULL),
(1094, 39, 312, 6, 1, NULL, NULL),
(1095, 39, 96, 3, 1, NULL, NULL),
(1096, 39, 97, 8, 1, NULL, NULL),
(1097, 39, 76, 1, 1, NULL, NULL),
(1098, 39, 252, 7, 1, NULL, NULL),
(1099, 39, 129, 1, 1, NULL, NULL),
(1100, 39, 16, 5, 1, NULL, NULL),
(1101, 39, 174, 1, 1, NULL, NULL),
(1105, 39, 58, 2, 1, NULL, NULL),
(1106, 39, 130, 1, 1, NULL, NULL),
(1107, 39, 100, 7, 1, NULL, NULL),
(1108, 39, 99, 1, 1, NULL, NULL),
(1109, 39, 246, 2, 1, NULL, NULL),
(1110, 39, 109, 6, 1, NULL, NULL),
(1111, 39, 276, 2, 1, NULL, NULL),
(1112, 39, 333, 11, 1, NULL, NULL),
(1113, 39, 384, 9, 1, NULL, NULL),
(1117, 39, 47, 2, 1, NULL, NULL),
(1118, 39, 52, 6, 1, NULL, NULL),
(1119, 39, 84, 1, 1, NULL, NULL),
(1120, 39, 31, 9, 1, NULL, NULL),
(1121, 39, 309, 11, 1, NULL, NULL),
(1122, 40, 64, 3, 1, NULL, NULL),
(1123, 40, 116, 5, 1, NULL, NULL),
(1124, 40, 104, 5, 1, NULL, NULL),
(1125, 40, 20, 9, 1, NULL, NULL),
(1126, 40, 53, 4, 1, NULL, NULL),
(1127, 40, 89, 6, 1, NULL, NULL),
(1128, 40, 75, 8, 1, NULL, NULL),
(1129, 40, 258, 6, 1, NULL, NULL),
(1130, 40, 310, 11, 1, NULL, NULL),
(1131, 40, 326, 11, 1, NULL, NULL),
(1132, 40, 42, 3, 1, NULL, NULL),
(1133, 40, 76, 1, 1, NULL, NULL),
(1134, 40, 107, 6, 1, NULL, NULL),
(1135, 40, 127, 5, 1, NULL, NULL),
(1136, 40, 49, 8, 1, NULL, NULL),
(1137, 40, 203, 6, 1, NULL, NULL),
(1138, 40, 176, 11, 1, NULL, NULL),
(1139, 40, 70, 8, 1, NULL, NULL),
(1140, 40, 79, 6, 1, NULL, NULL),
(1141, 40, 327, 4, 1, NULL, NULL),
(1142, 40, 246, 2, 1, NULL, NULL),
(1143, 40, 128, 1, 1, NULL, NULL),
(1144, 40, 33, 9, 1, NULL, NULL),
(1145, 40, 309, 11, 1, NULL, NULL),
(1146, 40, 109, 6, 1, NULL, NULL),
(1147, 40, 276, 2, 1, NULL, NULL),
(1148, 40, 130, 1, 1, NULL, NULL),
(1149, 40, 155, 7, 1, NULL, NULL),
(1150, 40, 174, 1, 1, NULL, NULL),
(1151, 40, 84, 1, 1, NULL, NULL),
(1152, 40, 58, 2, 1, NULL, NULL),
(1153, 40, 283, 8, 1, NULL, NULL),
(1154, 40, 138, 11, 1, NULL, NULL),
(1155, 40, 371, 11, 1, NULL, NULL),
(1156, 40, 243, 3, 1, NULL, NULL),
(1157, 40, 52, 6, 1, NULL, NULL),
(1158, 40, 384, 9, 1, NULL, NULL),
(1159, 40, 47, 2, 1, NULL, NULL),
(1160, 40, 316, 4, 1, NULL, NULL),
(1161, 40, 374, 11, 1, NULL, NULL),
(1162, 40, 37, 8, 1, NULL, NULL),
(1163, 41, 205, 5, 1, NULL, NULL),
(1164, 41, 155, 7, 1, NULL, NULL),
(1165, 41, 371, 9, 1, NULL, NULL),
(1166, 41, 174, 1, 1, NULL, NULL),
(1167, 41, 258, 6, 1, NULL, NULL),
(1168, 41, 79, 6, 1, NULL, NULL),
(1169, 41, 33, 9, 1, NULL, NULL),
(1170, 41, 175, 2, 1, NULL, NULL),
(1171, 41, 50, 5, 1, NULL, NULL),
(1172, 41, 107, 6, 1, NULL, NULL),
(1173, 41, 179, 6, 1, NULL, NULL),
(1174, 41, 218, 11, 1, NULL, NULL),
(1175, 41, 318, 11, 1, NULL, NULL),
(1176, 41, 16, 5, 1, NULL, NULL),
(1177, 41, 283, 8, 1, NULL, NULL),
(1178, 41, 20, 9, 1, NULL, NULL),
(1179, 41, 89, 6, 1, NULL, NULL),
(1180, 41, 31, 9, 1, NULL, NULL),
(1181, 41, 274, 7, 1, NULL, NULL),
(1182, 41, 374, 9, 1, NULL, NULL),
(1183, 41, 123, 6, 1, NULL, NULL),
(1184, 41, 76, 1, 1, NULL, NULL),
(1185, 41, 76, 1, 1, NULL, NULL),
(1186, 41, 311, 11, 1, NULL, NULL),
(1187, 41, 70, 8, 1, NULL, NULL),
(1188, 41, 320, 11, 1, NULL, NULL),
(1189, 41, 313, 9, 1, NULL, NULL),
(1190, 41, 53, 4, 1, NULL, NULL),
(1191, 41, 84, 1, 1, NULL, NULL),
(1192, 41, 315, 11, 1, NULL, NULL),
(1193, 41, 29, 5, 1, NULL, NULL),
(1194, 41, 61, 2, 1, NULL, NULL),
(1195, 41, 104, 5, 1, NULL, NULL),
(1196, 41, 109, 6, 1, NULL, NULL),
(1197, 41, 18, 11, 1, NULL, NULL),
(1198, 41, 299, 5, 1, NULL, NULL),
(1199, 41, 11, 11, 1, NULL, NULL),
(1200, 42, 61, 2, 1, NULL, NULL),
(1201, 42, 313, 9, 1, NULL, NULL),
(1202, 42, 18, 11, 1, NULL, NULL),
(1203, 42, 116, 5, 1, NULL, NULL),
(1204, 42, 29, 5, 1, NULL, NULL),
(1205, 42, 20, 9, 1, NULL, NULL),
(1206, 42, 47, 2, 1, NULL, NULL),
(1207, 42, 283, 8, 1, NULL, NULL),
(1208, 42, 16, 5, 1, NULL, NULL),
(1209, 42, 358, 6, 1, NULL, NULL),
(1210, 42, 89, 6, 1, NULL, NULL),
(1211, 42, 107, 6, 1, NULL, NULL),
(1212, 42, 218, 11, 1, NULL, NULL),
(1213, 42, 174, 1, 1, NULL, NULL),
(1214, 42, 31, 9, 1, NULL, NULL),
(1215, 42, 58, 2, 1, NULL, NULL),
(1216, 42, 33, 9, 1, NULL, NULL),
(1217, 42, 309, 9, 1, NULL, NULL),
(1218, 42, 276, 2, 1, NULL, NULL),
(1219, 42, 246, 2, 1, NULL, NULL),
(1220, 42, 105, 3, 1, NULL, NULL),
(1221, 42, 179, 6, 1, NULL, NULL),
(1222, 42, 258, 6, 1, NULL, NULL),
(1223, 42, 79, 6, 1, NULL, NULL),
(1224, 42, 64, 3, 1, NULL, NULL),
(1225, 42, 252, 7, 1, NULL, NULL),
(1226, 42, 104, 5, 1, NULL, NULL),
(1227, 42, 96, 3, 1, NULL, NULL),
(1228, 42, 97, 8, 1, NULL, NULL),
(1229, 42, 312, 6, 1, NULL, NULL),
(1230, 42, 128, 1, 1, NULL, NULL),
(1231, 42, 76, 1, 1, NULL, NULL),
(1232, 42, 42, 3, 1, NULL, NULL),
(1233, 42, 22, 6, 1, NULL, NULL),
(1234, 42, 100, 7, 1, NULL, NULL),
(1235, 42, 176, 11, 1, NULL, NULL),
(1236, 42, 371, 9, 1, NULL, NULL),
(1237, 42, 155, 7, 1, NULL, NULL),
(1238, 42, 49, 8, 1, NULL, NULL),
(1239, 42, 203, 6, 1, NULL, NULL),
(1240, 42, 50, 5, 1, NULL, NULL),
(1241, 42, 108, 4, 1, NULL, NULL),
(1242, 42, 127, 5, 1, NULL, NULL),
(1243, 42, 129, 1, 1, NULL, NULL),
(1244, 42, 84, 1, 1, NULL, NULL),
(1245, 42, 53, 4, 1, NULL, NULL),
(1246, 42, 315, 11, 1, NULL, NULL),
(1247, 43, 70, 8, 1, NULL, NULL),
(1248, 43, 313, 9, 1, NULL, NULL),
(1249, 43, 53, 4, 1, NULL, NULL),
(1250, 43, 29, 5, 1, NULL, NULL),
(1251, 43, 42, 3, 1, NULL, NULL),
(1252, 43, 215, 11, 1, NULL, NULL),
(1253, 43, 312, 6, 1, NULL, NULL),
(1254, 43, 96, 3, 1, NULL, NULL),
(1255, 43, 97, 8, 1, NULL, NULL),
(1256, 43, 64, 3, 1, NULL, NULL),
(1257, 43, 105, 3, 1, NULL, NULL),
(1258, 43, 116, 5, 1, NULL, NULL),
(1259, 43, 71, 1, 1, NULL, NULL),
(1260, 43, 129, 1, 1, NULL, NULL),
(1261, 43, 100, 7, 1, NULL, NULL),
(1262, 13, 102, 9, 1, NULL, NULL),
(1263, 13, 276, 2, 1, NULL, NULL),
(1264, 13, 58, 2, 1, NULL, NULL),
(1265, 13, 315, 11, 1, NULL, NULL),
(1266, 13, 33, 9, 1, NULL, NULL),
(1267, 13, 155, 7, 1, NULL, NULL),
(1268, 13, 76, 1, 1, NULL, NULL),
(1269, 13, 358, 6, 1, NULL, NULL),
(1270, 43, 274, 7, 1, NULL, NULL),
(1271, 43, 371, 9, 1, NULL, NULL),
(1272, 43, 327, 4, 1, NULL, NULL),
(1273, 43, 82, 8, 1, NULL, NULL),
(1274, 43, 130, 1, 1, NULL, NULL),
(1275, 43, 299, 5, 1, NULL, NULL),
(1276, 43, 47, 2, 1, NULL, NULL),
(1277, 43, 18, 11, 1, NULL, NULL),
(1278, 43, 309, 9, 1, NULL, NULL),
(1279, 43, 31, 9, 1, NULL, NULL),
(1280, 43, 79, 6, 1, NULL, NULL),
(1281, 43, 128, 1, 1, NULL, NULL),
(1282, 43, 243, 3, 1, NULL, NULL),
(1283, 43, 34, 8, 1, NULL, NULL),
(1284, 43, 258, 6, 1, NULL, NULL),
(1285, 43, 89, 6, 1, NULL, NULL),
(1286, 43, 205, 5, 1, NULL, NULL),
(1287, 43, 104, 5, 1, NULL, NULL),
(1288, 43, 374, 9, 1, NULL, NULL),
(1289, 43, 326, 11, 1, NULL, NULL),
(1290, 43, 109, 6, 1, NULL, NULL),
(1291, 43, 386, 11, 1, NULL, NULL),
(1292, 39, 209, 1, 1, NULL, NULL),
(1293, 44, 252, 7, 1, NULL, NULL),
(1294, 44, 89, 6, 1, NULL, NULL),
(1295, 44, 313, 9, 1, NULL, NULL),
(1296, 44, 18, 11, 1, NULL, NULL),
(1297, 44, 29, 5, 1, NULL, NULL),
(1298, 44, 53, 4, 1, NULL, NULL),
(1299, 44, 61, 2, 1, NULL, NULL),
(1300, 44, 258, 6, 1, NULL, NULL),
(1301, 44, 276, 2, 1, NULL, NULL),
(1302, 44, 99, 1, 1, NULL, NULL),
(1303, 44, 42, 3, 1, NULL, NULL),
(1304, 44, 104, 5, 1, NULL, NULL),
(1305, 44, 315, 11, 1, NULL, NULL),
(1306, 44, 312, 6, 1, NULL, NULL),
(1307, 44, 76, 1, 1, NULL, NULL),
(1308, 44, 386, 11, 1, NULL, NULL),
(1309, 44, 33, 9, 1, NULL, NULL),
(1310, 44, 309, 9, 1, NULL, NULL),
(1311, 44, 384, 9, 1, NULL, NULL),
(1312, 44, 100, 7, 1, NULL, NULL),
(1313, 44, 246, 2, 1, NULL, NULL),
(1314, 44, 374, 9, 1, NULL, NULL),
(1315, 44, 50, 5, 1, NULL, NULL),
(1316, 44, 179, 6, 1, NULL, NULL),
(1317, 44, 326, 11, 1, NULL, NULL),
(1318, 44, 47, 2, 1, NULL, NULL),
(1319, 44, 79, 6, 1, NULL, NULL),
(1320, 44, 71, 1, 1, NULL, NULL),
(1321, 44, 82, 8, 1, NULL, NULL),
(1322, 13, 224, 4, 1, NULL, NULL),
(1323, 13, 35, 7, 1, NULL, NULL),
(1324, 13, 316, 4, 1, NULL, NULL),
(1325, 5, 203, 6, 1, NULL, NULL),
(1326, 5, 49, 8, 1, NULL, NULL),
(1327, 5, 176, 11, 1, NULL, NULL),
(1329, 46, 64, 3, 1, NULL, NULL),
(1330, 46, 58, 2, 1, NULL, NULL),
(1331, 46, 53, 4, 1, NULL, NULL),
(1332, 46, 42, 3, 1, NULL, NULL),
(1333, 46, 50, 5, 1, NULL, NULL),
(1334, 46, 76, 1, 1, NULL, NULL),
(1335, 46, 33, 9, 1, NULL, NULL),
(1336, 46, 309, 9, 1, NULL, NULL),
(1337, 46, 79, 6, 1, NULL, NULL),
(1338, 46, 315, 11, 1, NULL, NULL),
(1339, 46, 105, 3, 1, NULL, NULL),
(1340, 46, 29, 5, 1, NULL, NULL),
(1341, 46, 313, 9, 1, NULL, NULL),
(1342, 46, 276, 2, 1, NULL, NULL),
(1343, 46, 34, 8, 1, NULL, NULL),
(1344, 46, 326, 11, 1, NULL, NULL),
(1345, 46, 116, 5, 1, NULL, NULL),
(1346, 46, 252, 7, 1, NULL, NULL),
(1347, 46, 10, 1, 1, NULL, NULL),
(1348, 46, 129, 1, 1, NULL, NULL),
(1349, 46, 205, 5, 1, NULL, NULL),
(1350, 46, 179, 6, 1, NULL, NULL),
(1351, 46, 60, 3, 1, NULL, NULL),
(1352, 46, 70, 8, 1, NULL, NULL),
(1353, 46, 89, 6, 1, NULL, NULL),
(1354, 46, 51, 3, 1, NULL, NULL),
(1355, 46, 72, 7, 1, NULL, NULL),
(1356, 46, 99, 1, 1, NULL, NULL),
(1357, 46, 100, 7, 1, NULL, NULL),
(1358, 46, 104, 5, 1, NULL, NULL),
(1359, 46, 109, 6, 1, NULL, NULL),
(1360, 46, 127, 5, 1, NULL, NULL),
(1361, 46, 81, 5, 1, NULL, NULL),
(1362, 46, 246, 2, 1, NULL, NULL),
(1363, 46, 258, 6, 1, NULL, NULL),
(1364, 46, 312, 6, 1, NULL, NULL),
(1365, 46, 283, 8, 1, NULL, NULL),
(1366, 46, 203, 6, 1, NULL, NULL),
(1367, 46, 374, 9, 1, NULL, NULL),
(1368, 46, 97, 8, 1, NULL, NULL),
(1369, 46, 274, 7, 1, NULL, NULL),
(1370, 46, 106, 11, 1, NULL, NULL),
(1371, 46, 96, 3, 1, NULL, NULL),
(1372, 46, 155, 7, 1, NULL, NULL),
(1373, 46, 31, 9, 1, NULL, NULL),
(1374, 46, 175, 2, 1, NULL, NULL),
(1375, 46, 316, 4, 1, NULL, NULL),
(1376, 46, 316, 4, 1, NULL, NULL),
(1377, 47, 246, 2, 1, NULL, NULL),
(1378, 47, 58, 2, 1, NULL, NULL),
(1379, 47, 371, 9, 1, NULL, NULL),
(1380, 47, 384, 9, 1, NULL, NULL),
(1381, 47, 64, 3, 1, NULL, NULL),
(1382, 47, 34, 8, 1, NULL, NULL),
(1383, 47, 16, 5, 1, NULL, NULL),
(1384, 47, 315, 11, 1, NULL, NULL),
(1385, 47, 61, 2, 1, NULL, NULL),
(1386, 47, 50, 5, 1, NULL, NULL),
(1387, 47, 313, 9, 1, NULL, NULL),
(1388, 47, 53, 4, 1, NULL, NULL),
(1389, 47, 104, 5, 1, NULL, NULL),
(1390, 47, 233, 2, 1, NULL, NULL),
(1391, 47, 155, 7, 1, NULL, NULL),
(1392, 47, 258, 6, 1, NULL, NULL),
(1393, 47, 258, 6, 1, NULL, NULL),
(1394, 47, 258, 6, 1, NULL, NULL),
(1395, 47, 252, 7, 1, NULL, NULL),
(1396, 47, 252, 7, 1, NULL, NULL),
(1397, 47, 76, 1, 1, NULL, NULL),
(1398, 47, 89, 6, 1, NULL, NULL),
(1399, 47, 20, 9, 1, NULL, NULL),
(1400, 47, 105, 3, 1, NULL, NULL),
(1401, 47, 129, 1, 1, NULL, NULL),
(1402, 47, 51, 3, 1, NULL, NULL),
(1403, 47, 47, 2, 1, NULL, NULL),
(1404, 47, 170, 11, 1, NULL, NULL),
(1405, 47, 318, 11, 1, NULL, NULL),
(1406, 47, 176, 11, 1, NULL, NULL),
(1407, 47, 49, 8, 1, NULL, NULL),
(1408, 47, 327, 4, 1, NULL, NULL),
(1409, 47, 29, 5, 1, NULL, NULL),
(1410, 47, 358, 6, 1, NULL, NULL),
(1411, 47, 276, 2, 1, NULL, NULL),
(1412, 47, 205, 5, 1, NULL, NULL),
(1413, 47, 107, 6, 1, NULL, NULL),
(1414, 47, 386, 11, 1, NULL, NULL),
(1415, 47, 174, 1, 1, NULL, NULL),
(1416, 47, 18, 11, 1, NULL, NULL),
(1417, 47, 100, 7, 1, NULL, NULL),
(1418, 47, 99, 1, 1, NULL, NULL),
(1419, 47, 79, 6, 1, NULL, NULL);